번호,파일명,현재제목,새제목,키워드1,키워드2,키워드3,키워드4,키워드5
70,퇴직금-중간정산.md,퇴직금 중간정산,퇴직금 중간정산·조건·신청 절차,퇴직금,중간정산,신청 절차,조건 확인,절차 안내
71,퇴직금-중간정산-방법.md,퇴직금 중간정산 방법,퇴직금 중간정산·방법·신청 절차,퇴직금,중간정산,신청 절차,절차 방법,기본정보
72,퇴직금-중간정산-사유.md,퇴직금 중간정산 사유,퇴직금 중간정산·사유·조건 기준,퇴직금,중간정산,정산 사유,조건 기준,기준 확인
73,퇴직금-중간정산-사유별-증빙서류.md,퇴직금 중간정산 사유별 증빙서류,퇴직금 중간정산·증빙·서류 안내,퇴직금,중간정산,증빙서류,서류 안내,구비 서류
74,퇴직금-중간정산-서류.md,퇴직금 중간정산 서류,퇴직금 중간정산·서류·구비 기준,퇴직금,중간정산,구비 서류,서류 기준,신청 서류
75,퇴직금-중간정산-세금.md,퇴직금 중간정산 세금,퇴직금 중간정산·세금·계산 기준,퇴직금,중간정산,세금,세금 계산,계산 기준
76,퇴직금-중간정산-신청서.md,퇴직금 중간정산 신청서,퇴직금 중간정산·신청서·작성 방법,퇴직금,중간정산,신청서,작성 방법,서류 작성
77,퇴직금-중간정산-요건.md,퇴직금 중간정산 요건,퇴직금 중간정산·요건·조건 확인,퇴직금,중간정산,요건,조건 확인,조건 기준
78,퇴직금-중간정산-조건.md,퇴직금 중간정산 조건,퇴직금 중간정산·조건·기준 안내,퇴직금,중간정산,조건,기준 안내,조건 기준
79,퇴직금-중간정산-주택구입.md,퇴직금 중간정산 주택구입,퇴직금 중간정산·주택구입·조건 확인,퇴직금,중간정산,주택구입,조건 확인,사유별
80,퇴직금-중간정산-후-퇴직금-계산.md,퇴직금 중간정산 후 퇴직금 계산,퇴직금 중간정산 후·계산·기준 확인,퇴직금,중간정산,사후 계산,기준 확인,계산 방법
81,퇴직금-중도인출-세금.md,퇴직금 중도인출 세금,퇴직금 중도인출·세금·계산 기준,퇴직금,중도인출,인출 세금,계산 기준,세금 절감
82,퇴직금-지급기준.md,퇴직금 지급기준,퇴직금 지급기준·조건·기준 확인,퇴직금,지급기준,조건,기준 확인,기본정보
83,퇴직금-지급-기준.md,퇴직금 지급 기준,퇴직금 지급·기준·조건 안내,퇴직금,지급 기준,조건 안내,기준 정보,기본정보
84,퇴직금-지급-기준-5인미만.md,퇴직금 지급 기준 5인미만,퇴직금·지급·5인미만 사업장 기준,퇴직금,5인 미만,사업장 기준,지급 기준,기준 확인
85,퇴직금-지급기한.md,퇴직금 지급기한,퇴직금 지급기한·법정·기준 확인,퇴직금,지급기한,법정 기한,기준 확인,기한 준수
86,퇴직금-지급-기한.md,퇴직금 지급 기한,퇴직금 지급·기한·법정기준 안내,퇴직금,지급 기한,법정 기한,안내 확인,기한 준수
87,퇴직금-지급-기한-14일.md,퇴직금 지급 기한 14일,퇴직금 지급·기한·14일 규정 기준,퇴직금,지급 기한,14일 규정,기준 확인,법정 기한
88,퇴직금-지급-기한-연장.md,퇴직금 지급 기한 연장,퇴직금 지급·기한·연장 조건 확인,퇴직금,지급 기한,기한 연장,조건 확인,연장 기준
89,퇴직금-지급-기한-연장-동의서.md,퇴직금 지급 기한 연장 동의서,퇴직금 기한연장·동의서·작성 절차,퇴직금,기한 연장,동의서,작성 절차,서류 안내
90,퇴직금-지급-기한-초과.md,퇴직금 지급 기한 초과,퇴직금 기한초과·지연이자·청구 기준,퇴직금,기한 초과,지연이자,청구 기준,대응 방법
91,퇴직금-지급-절차.md,퇴직금 지급 절차,퇴직금 지급·절차·단계별 안내,퇴직금,지급 절차,단계별,안내 확인,기본정보
92,퇴직금-지급-청구-방법.md,퇴직금 지급 청구 방법,퇴직금 청구·방법·절차 가이드,퇴직금,청구 방법,청구 절차,가이드 안내,기본정보
