165,가정법률,협의이혼-절차-방법,협의이혼-절차-방법.md,협의이혼 절차 및 방법,협의 절차,신청 방법,기본 규정
166,가정법률,이혼-청구-배우자-동의-불필요,이혼-청구-배우자-동의-불필요.md,이혼 청구 배우자 동의 불필요,동의 불필요,신청 조건,절차
167,가정법률,이혼-사유-별거-2년,이혼-사유-별거-2년.md,이혼 사유 별거 2년,이혼 사유,별거 기준,신청 조건
168,가정법률,이혼-청구-외도-책임,이혼-청구-외도-책임.md,이혼 청구 외도 책임,외도 책임,배상 청구,법적 기준
169,가정법률,가정폭력-이혼-방법,가정폭력-이혼-방법.md,가정폭력 이혼 방법,폭력 이혼,신청 절차,보호 규정
170,가정법률,이혼-일방-통보-거부-가능,이혼-일방-통보-거부-가능.md,이혼 일방 통보 거부 가능,일방 통보,거부 가능성,법적 판정
171,가정법률,이혼-배우자-2년-가출-생사불명-재혼,이혼-배우자-2년-가출-생사불명-재혼.md,이혼 배우자 2년 가출 생사불명 재혼,가출 상황,이혼 방법,기한
172,가정법률,이혼-포기-외도-배우자-청구,이혼-포기-외도-배우자-청구.md,이혼 포기 외도 배우자 청구,이혼 포기,배우자 청구,법적 효과
173,가정법률,이혼-취소-가능-여부,이혼-취소-가능-여부.md,이혼 취소 가능 여부,취소 가능,조건,기한
174,가정법률,이혼-결혼-취소-성적-불능,이혼-결혼-취소-성적-불능.md,이혼 결혼 취소 성적 불능,결혼 취소,성적 불능,취소 기한
175,가정법률,이혼-교도소-복역중-배우자,이혼-교도소-복역중-배우자.md,이혼 교도소 복역중 배우자,복역 중 이혼,신청 조건,절차
176,가정법률,이혼-친권자-양육자-자동-지정,이혼-친권자-양육자-자동-지정.md,이혼 친권자 양육자 자동 지정,지정 방법,자동 지정,법적 기준
177,가정법률,이혼-시부모-고부갈등-사유,이혼-시부모-고부갈등-사유.md,이혼 시부모 고부갈등 사유,시부모 갈등,이혼 사유,법적 판정
178,가정법률,이혼-무료-법률상담-소송구조,이혼-무료-법률상담-소송구조.md,이혼 무료 법률상담 소송구조,무료 상담,신청 조건,기관
179,가정법률,이혼-소송-진행중-양육비-청구,이혼-소송-진행중-양육비-청구.md,이혼 소송 진행중 양육비 청구,양육비 청구,신청 절차,기준
180,가정법률,이혼소송-중-면접교섭권-방해-대응,이혼소송-중-면접교섭권-방해-대응.md,이혼소송 중 면접교섭권 방해 대응,방해 대응,신고 방법,법적 조치
181,가정법률,이혼-별거-중-양육비-청구,이혼-별거-중-양육비-청구.md,이혼 별거 중 양육비 청구,별거 중 청구,신청 절차,기준
182,가정법률,이혼-미성년자-결혼-가능,이혼-미성년자-결혼-가능.md,이혼 미성년자 결혼 가능,미성년 이혼,결혼 가능성,법적 규정
183,가정법률,이혼-혼인신고-전-재산-약정,이혼-혼인신고-전-재산-약정.md,이혼 혼인신고 전 재산 약정,재산 약정,효력,법적 판정
184,가정법률,이혼-재산분할-협의-불가-대응,이혼-재산분할-협의-불가-대응.md,이혼 재산분할 협의 불가 대응,협의 불가,대응 방법,소송 절차
185,가정법률,이혼-소송중-재산분할-합의-효력,이혼-소송중-재산분할-합의-효력.md,이혼 소송중 재산분할 합의 효력,합의 효력,법적 효과,조건
186,가정법률,이혼-없이-재산분할-청구-가능,이혼-없이-재산분할-청구-가능.md,이혼 없이 재산분할 청구 가능,청구 가능성,신청 조건,기한
187,가정법률,이혼-전-재산-빼돌림-대비,이혼-전-재산-빼돌림-대비.md,이혼 전 재산 빼돌림 대비,재산 은닉,대비 방법,법적 조치
188,가정법률,이혼-고려중-재산-은닉-방지,이혼-고려중-재산-은닉-방지.md,이혼 고려중 재산 은닉 방지,은닉 방지,보전 조치,법적 수단
189,가정법률,이혼-소송-증거-제시-필요,이혼-소송-증거-제시-필요.md,이혼 소송 증거 제시 필요,증거 제출,필수 증거,효력
190,가정법률,이혼-재산명의-일방-분할청구,이혼-재산명의-일방-분할청구.md,이혼 재산명의 일방 분할청구,재산 청구,명의 효과,법적 판정
191,가정법률,이혼-빚-공동-부담-여부,이혼-빚-공동-부담-여부.md,이혼 빚 공동 부담 여부,채무 분담,공동 책임,법적 규정
192,가정법률,이혼-퇴직금-재산분할-대상,이혼-퇴직금-재산분할-대상.md,이혼 퇴직금 재산분할 대상,퇴직금 분할,대상 포함,기준
193,가정법률,이혼-시부모-증여-토지-분할대상,이혼-시부모-증여-토지-분할대상.md,이혼 시부모 증여 토지 분할대상,증여 토지,분할 포함 여부,법적 판정
194,가정법률,이혼-혼인중-별거-내연관계-위자료,이혼-혼인중-별거-내연관계-위자료.md,이혼 혼인중 별거 내연관계 위자료,위자료 청구,별거 중 청구,기준
195,가정법률,재산분할-청구권-소멸시효,재산분할-청구권-소멸시효.md,재산분할 청구권 소멸시효,소멸시효,청구 기한,규정
196,가정법률,재산분할-대상-범위,재산분할-대상-범위.md,재산분할 대상 범위,대상 범위,포함 자산,기준
197,가정법률,재산분할-법원-비율-기준,재산분할-법원-비율-기준.md,재산분할 법원 비율 기준,분할 비율,판정 기준,법적 원칙
198,가정법률,재산분할-협의-합의-불가-대응,재산분할-협의-합의-불가-대응.md,재산분할 협의 합의 불가 대응,협의 불가,대응 방법,소송 절차
199,가정법률,재산분할-명의-일방-청구권,재산분할-명의-일방-청구권.md,재산분할 명의 일방 청구권,명의 효과,청구 가능성,법적 기준
200,가정법률,재산분할-재산-은닉-확인-방법,재산분할-재산-은닉-확인-방법.md,재산분할 재산 은닉 확인 방법,은닉 확인,조사 방법,법적 수단
201,가정법률,재산분할-가압류-신청-가능,재산분할-가압류-신청-가능.md,재산분할 가압류 신청 가능,가압류,신청 조건,절차
202,가정법률,재산분할-청구-기한-제한,재산분할-청구-기한-제한.md,재산분할 청구 기한 제한,청구 기한,소멸시효,규정
203,가정법률,재산분할-심판청구-기각-가능,재산분할-심판청구-기각-가능.md,재산분할 심판청구 기각 가능,기각 사유,신청 불가,조건
204,가정법률,재산분할-이혼-부동산-취득세-양도소득세,재산분할-이혼-부동산-취득세-양도소득세.md,재산분할 이혼 부동산 취득세 양도소득세,세금 부과,세율,계산
205,가정법률,재산분할-혼인신고-전-재산-포함,재산분할-혼인신고-전-재산-포함.md,재산분할 혼인신고 전 재산 포함,혼전 재산,포함 여부,기준
206,가정법률,재산분할-공동명의-대출-부담,재산분할-공동명의-대출-부담.md,재산분할 공동명의 대출 부담,공동명의,채무 분담,법적 규정
207,가정법률,재산분할-빚-공동-부담-여부,재산분할-빚-공동-부담-여부.md,재산분할 빚 공동 부담 여부,채무 분담,공동 책임,법적 판정
208,가정법률,재산분할-퇴직금-대상-여부,재산분할-퇴직금-대상-여부.md,재산분할 퇴직금 대상 여부,퇴직금 포함,분할 대상,법적 판정
209,가정법률,재산분할-시부모-증여-토지,재산분할-시부모-증여-토지.md,재산분할 시부모 증여 토지,증여 재산,분할 포함,기준
210,가정법률,재산분할-주택-명의-아내-재청구,재산분할-주택-명의-아내-재청구.md,재산분할 주택 명의 아내 재청구,재청구,변경 청구,조건
211,가정법률,재산분할-각서-효력-인정,재산분할-각서-효력-인정.md,재산분할 각서 효력 인정,각서 효력,법적 효과,조건
212,가정법률,재산분할-추후-청구-안함-각서-재청구,재산분할-추후-청구-안함-각서-재청구.md,재산분할 추후 청구 안함 각서 재청구,각서 재청구,재청구 가능성,법적 판정
213,가정법률,재산분할-협의이혼-합의-필요,재산분할-협의이혼-합의-필요.md,재산분할 협의이혼 합의 필요,합의 필수,신청 조건,절차
214,가정법률,재산분할-혼인중-청구-가능,재산분할-혼인중-청구-가능.md,재산분할 혼인중 청구 가능,혼인 중 청구,신청 조건,기한
215,가정법률,양육비-청구-방법-이혼후,양육비-청구-방법-이혼후.md,양육비 청구 방법 이혼후,청구 방법,신청 절차,기준
216,가정법률,양육비-지급-거부-면접교섭권-행사,양육비-지급-거부-면접교섭권-행사.md,양육비 지급 거부 면접교섭권 행사,지급 거부,상호 관계,법적 제한
