1,근로노동,장애인-고용의무-최소-인원,장애인-고용의무-최소-인원.md,장애인 고용의무 최소 인원,장애인 의무고용,기업 기준,고용 조건
2,근로노동,장애인-고용장려금-신청-자격,장애인-고용장려금-신청-자격.md,장애인 고용장려금 신청 자격,고용장려금,신청방법,지원 조건
3,근로노동,장애인-창업-자금-지원,장애인-창업-자금-지원.md,장애인 창업 자금 지원,창업 지원금,신청 방법,지원 규모
4,근로노동,장애인-작업지도원-고용-지원,장애인-작업지도원-고용-지원.md,장애인 작업지도원 고용 지원,작업지도원,고용 지원,급여 기준
5,근로노동,장애인-고용부담금-계산-방법,장애인-고용부담금-계산-방법.md,장애인 고용부담금 계산 방법,부담금 계산,기준 인원,납부 시기
6,근로노동,장애인-보조공학기기-지원-신청,장애인-보조공학기기-지원-신청.md,장애인 보조공학기기 지원 신청,보조기기,지원 신청,신청 절차
7,근로노동,장애인-표준사업장-인증-요건,장애인-표준사업장-인증-요건.md,장애인 표준사업장 인증 요건,표준사업장,인증 기준,신청 조건
8,근로노동,장애인-취업-지원-방법,장애인-취업-지원-방법.md,장애인 취업 지원 방법,취업 지원,프로그램 안내,신청 방법
9,근로노동,장애인-차별-구제-방법,장애인-차별-구제-방법.md,장애인 차별 구제 방법,차별 구제,신고 방법,법적 대응
10,근로노동,장애인-등록증-발급-방법,장애인-등록증-발급-방법.md,장애인 등록증 발급 방법,등록증 발급,신청 서류,발급 절차
11,근로노동,고령자-정의-법적-기준,고령자-정의-법적-기준.md,고령자 정의와 법적 기준,고령자 정의,법적 기준,연령 기준
12,근로노동,시간선택제-고령자-고용-지원금,시간선택제-고령자-고용-지원금.md,시간선택제 고령자 고용 지원금,고용지원금,신청 조건,지원 규모
13,근로노동,고령자-근로자-훈련-지원,고령자-근로자-훈련-지원.md,고령자 근로자 훈련 지원,훈련 지원,신청 방법,지원 내용
14,근로노동,고령자-계속고용장려금-요건,고령자-계속고용장려금-요건.md,고령자 계속고용장려금 요건,고용장려금,신청 자격,지원 금액
15,근로노동,고령자-취업-프로그램,고령자-취업-프로그램.md,고령자 취업 프로그램,취업 프로그램,신청 방법,프로그램 내용
16,근로노동,고령자-고용-의무-인원,고령자-고용-의무-인원.md,고령자 고용 의무 인원,고용의무,기업 기준,고용 조건
17,근로노동,가사근로자-근로기준법-적용,가사근로자-근로기준법-적용.md,가사근로자 근로기준법 적용,근로기준법,적용 범위,보호 내용
18,근로노동,입주가사근로자-휴게시간,입주가사근로자-휴게시간.md,입주 가사근로자 휴게시간,휴게시간,근로시간,기준 규정
19,근로노동,가사근로자-최저임금-적용,가사근로자-최저임금-적용.md,가사근로자 최저임금 적용,최저임금,기준 금액,적용 방법
20,근로노동,가사근로자-근로시간-기준,가사근로자-근로시간-기준.md,가사근로자 근로시간 기준,근로시간,기준 규정,초과근무
21,근로노동,가사근로자-자격요건,가사근로자-자격요건.md,가사근로자 자격요건,자격 요건,신청 조건,필수 조건
22,근로노동,가사근로자-근로계약서-주의사항,가사근로자-근로계약서-주의사항.md,가사근로자 근로계약서 주의사항,계약서 작성,필수 사항,주의 사항
23,근로노동,가사서비스-추가-가능-여부,가사서비스-추가-가능-여부.md,가사서비스 추가 가능 여부,서비스 추가,가능 여부,규정 확인
24,근로노동,가사근로자-공휴일-유급휴일,가사근로자-공휴일-유급휴일.md,가사근로자 공휴일 유급휴일,휴일 기준,유급휴일,공휴일 처리
25,근로노동,가사근로자-고객-폭언-대응,가사근로자-고객-폭언-대응.md,가사근로자 고객 폭언 대응,폭언 대응,신고 방법,법적 조치
26,근로노동,가사근로자-근로계약-체결-방법,가사근로자-근로계약-체결-방법.md,가사근로자 근로계약 체결 방법,계약 체결,필수 사항,작성 방법
27,근로노동,요양보호사-결격사유,요양보호사-결격사유.md,요양보호사 결격사유,결격사유,자격 제한,신청 불가
28,근로노동,요양보호사-자격시험-응시-방법,요양보호사-자격시험-응시-방법.md,요양보호사 자격시험 응시 방법,자격시험,응시 조건,신청 방법
29,근로노동,요양보호사-장기근속장려금-조건,요양보호사-장기근속장려금-조건.md,요양보호사 장기근속장려금 조건,장려금 조건,신청 자격,지원 규모
30,근로노동,요양보호사-표준교육과정-기한,요양보호사-표준교육과정-기한.md,요양보호사 표준교육과정 기한,교육 기한,교육 시간,이수 방법
31,근로노동,가족요양비-지원-자격,가족요양비-지원-자격.md,가족요양비 지원 자격,지원 자격,신청 조건,지원 규모
32,근로노동,퇴직급여-설정-방법,퇴직급여-설정-방법.md,퇴직급여 설정 방법,설정 방법,퇴직금,기본 규정
33,근로노동,퇴직금-산정-방식,퇴직금-산정-방식.md,퇴직금 산정 방식,산정 방식,계산 공식,평균임금
34,근로노동,퇴직금-지급-청구-방법,퇴직금-지급-청구-방법.md,퇴직금 지급 청구 방법,청구 방법,신청 절차,필요 서류
35,근로노동,퇴직금-지연이자-받기,퇴직금-지연이자-받기.md,퇴직금 지연이자 받기,지연이자,이자율,청구 방법
36,근로노동,퇴직금-사업장-도산-받기,퇴직금-사업장-도산-받기.md,퇴직금 사업장 도산 받기,도산 시 청구,보장 기금,신청 절차
37,근로노동,평균임금-산정-방법,평균임금-산정-방법.md,평균임금 산정 방법,산정 방법,계산 공식,기준 기간
38,근로노동,통상임금-정의-산정,통상임금-정의-산정.md,통상임금 정의와 산정,통상임금,정의,산정 방법
39,근로노동,퇴직연금-가입자-지급방식,퇴직연금-가입자-지급방식.md,퇴직연금 가입자 지급방식,지급방식,선택 방법,기준 규정
40,근로노동,경력증명서-발급-거부-대응,경력증명서-발급-거부-대응.md,경력증명서 발급 거부 대응,발급 거부,대응 방법,행정조치
41,근로노동,해고-사유-서면-통보-유효성,해고-사유-서면-통보-유효성.md,해고 사유 서면 통보 유효성,해고 통보,서면 조건,유효성 판정
42,근로노동,부당해고-구제-사건-종류,부당해고-구제-사건-종류.md,부당해고 구제 사건 종류,구제 방법,신청 절차,사건 종류
43,근로노동,해고-예고-없는-해고-효력,해고-예고-없는-해고-효력.md,해고 예고 없는 해고 효력,예고 기한,해고 효력,보상 규정
44,근로노동,해고-징계-통상-정리-구분,해고-징계-통상-정리-구분.md,해고 징계 통상 정리 구분,해고 종류,정의,기준
45,근로노동,정리해고-요건,정리해고-요건.md,정리해고 요건,정리해고,요건,절차
46,근로노동,정당한-이유-없는-해고-판단기준,정당한-이유-없는-해고-판단기준.md,정당한 이유 없는 해고 판단기준,판단기준,정당성 심사,구제 방법
47,근로노동,소명기회-없는-해고-효력,소명기회-없는-해고-효력.md,소명기회 없는 해고 효력,소명기회,해고 효력,무효 판정
48,근로노동,사전통보-없는-정리해고-효력,사전통보-없는-정리해고-효력.md,사전통보 없는 정리해고 효력,사전통보,효력,무효 판정
49,근로노동,경영상-이유-해고-요건,경영상-이유-해고-요건.md,경영상 이유 해고 요건,해고 요건,판단 기준,정당성 심사
50,근로노동,의원면직-권고사직-해고-해당,의원면직-권고사직-해고-해당.md,의원면직 권고사직 해고 해당,신분 상태,개념 구분,법적 차이
51,근로노동,학력-거짓-이유-해고-정당성,학력-거짓-이유-해고-정당성.md,학력 거짓 이유 해고 정당성,해고 사유,정당성,유효성
52,근로노동,파업-참여-이유-해고-정당성,파업-참여-이유-해고-정당성.md,파업 참여 이유 해고 정당성,파업 해고,보호 규정,법적 효력
53,근로노동,무단결근-이유-해고-정당성,무단결근-이유-해고-정당성.md,무단결근 이유 해고 정당성,무단결근,해고 정당성,유효성
54,근로노동,직장-상사-싸움-이유-해고-정당성,직장-상사-싸움-이유-해고-정당성.md,직장 상사 싸움 이유 해고 정당성,싸움 사건,해고 정당성,법적 판단
55,근로노동,남편-출산휴가-사용-가능,남편-출산휴가-사용-가능.md,남편 출산휴가 사용 가능,남편 휴가,사용 가능,신청 방법
56,근로노동,육아휴직-분할-사용-가능,육아휴직-분할-사용-가능.md,육아휴직 분할 사용 가능,분할 사용,신청 방법,절차
57,근로노동,육아휴직-1년-사용-후-근로시간단축,육아휴직-1년-사용-후-근로시간단축.md,육아휴직 1년 사용 후 근로시간단축,시간단축,연계 사용,신청 절차
58,근로노동,육아휴직-불리한-대우-보호,육아휴직-불리한-대우-보호.md,육아휴직 불리한 대우 보호,보호 규정,차별 금지,법적 보장
59,근로노동,육아휴직-기간제근로자-사용-가능,육아휴직-기간제근로자-사용-가능.md,육아휴직 기간제근로자 사용 가능,기간제 근로자,사용 조건,신청 방법
60,근로노동,출산휴가-미리-앞당겨-사용,출산휴가-미리-앞당겨-사용.md,출산휴가 미리 앞당겨 사용,앞당김 사용,신청 조건,승인 절차
61,근로노동,육아기-근로시간-단축-정규직-대우,육아기-근로시간-단축-정규직-대우.md,육아기 근로시간 단축 정규직 대우,정규직 대우,신청 조건,보장 내용
62,근로노동,육아기-근로시간-단축-지원금,육아기-근로시간-단축-지원금.md,육아기 근로시간 단축 지원금,지원금,신청 조건,지원 규모
63,근로노동,육아기-근로시간-단축-연차-사용,육아기-근로시간-단축-연차-사용.md,육아기 근로시간 단축 연차 사용,연차 사용,기준,계산 방법
64,근로노동,임신-중-근로시간-단축-2시간-가능,임신-중-근로시간-단축-2시간-가능.md,임신 중 근로시간 단축 2시간 가능,시간단축,신청 조건,지원 내용
65,근로노동,개인-인공임신중절-유산사산휴가,개인-인공임신중절-유산사산휴가.md,개인 인공임신중절 유산사산휴가,휴가 기준,신청 방법,필요 서류
66,근로노동,육아휴직-복귀-후-연차휴가,육아휴직-복귀-후-연차휴가.md,육아휴직 복귀 후 연차휴가,복귀 절차,연차 사용,기본 규정
67,근로노동,산재보험-사업주-보험료-전액부담,산재보험-사업주-보험료-전액부담.md,산재보험 사업주 보험료 전액부담,보험료,부담 주체,납부 기준
68,근로노동,산재보험-가입-의무,산재보험-가입-의무.md,산재보험 가입 의무,가입 의무,기업 기준,신청 절차
69,근로노동,산재보험-편의점-아르바이트-적용,산재보험-편의점-아르바이트-적용.md,산재보험 편의점 아르바이트 적용,아르바이트,적용 여부,기준
70,근로노동,산재보험-건설현장-일용근로자-적용,산재보험-건설현장-일용근로자-적용.md,산재보험 건설현장 일용근로자 적용,일용근로자,적용 조건,보호 규정
71,근로노동,산재보험-외국인근로자-적용,산재보험-외국인근로자-적용.md,산재보험 외국인근로자 적용,외국인 근로자,적용 여부,보험 규정
72,근로노동,업무상-재해-인정-요건,업무상-재해-인정-요건.md,업무상 재해 인정 요건,재해 인정,판단 기준,신청 방법
73,근로노동,산재보상-회사-주최-야유회-사고,산재보상-회사-주최-야유회-사고.md,산재보상 회사 주최 야유회 사고,야유회 사고,보상,정당성
74,근로노동,산재보상-자신-실수-사고-가능,산재보상-자신-실수-사고-가능.md,산재보상 자신 실수 사고 가능,개인 실수,보상 가능,기준
75,근로노동,산재보상-출퇴근-사고-가능,산재보상-출퇴근-사고-가능.md,산재보상 출퇴근 사고 가능,출퇴근 사고,인정 기준,보상 규정
76,근로노동,산재보상-사업장-밖-업무-사고,산재보상-사업장-밖-업무-사고.md,산재보상 사업장 밖 업무 사고,외근 사고,인정 여부,기준
77,근로노동,산재처리-배달앱종사자,산재처리-배달앱종사자.md,산재처리 배달앱종사자,배달앱 근로자,산재 적용,신청 절차
78,근로노동,요양급여-재발-시-받기,요양급여-재발-시-받기.md,요양급여 재발 시 받기,재발 처리,급여 신청,기준
79,근로노동,고객응대근로자-정의,고객응대근로자-정의.md,고객응대근로자 정의,정의,보호 대상,기본 개념
80,근로노동,고객-폭언-우울증-산재인정,고객-폭언-우울증-산재인정.md,고객 폭언 우울증 산재인정,정신질환,산재 인정,신청 방법
81,근로노동,고객-폭언-사업주-조치-요구,고객-폭언-사업주-조치-요구.md,고객 폭언 사업주 조치 요구,조치 의무,요구 방법,법적 근거
82,근로노동,고객-성희롱-사업주-조치,고객-성희롱-사업주-조치.md,고객 성희롱 사업주 조치,성희롱 대응,사업주 의무,신고 방법
83,근로노동,파견근로자-퇴직금-청구-대상,파견근로자-퇴직금-청구-대상.md,파견근로자 퇴직금 청구 대상,청구 대상,권리 주체,신청 방법
84,근로노동,파견근로자-2년-이후-계속-근무,파견근로자-2년-이후-계속-근무.md,파견근로자 2년 이후 계속 근무,연장 근무,법적 기준,조건
85,근로노동,파견근로자-정기상여금-받기,파견근로자-정기상여금-받기.md,파견근로자 정기상여금 받기,상여금,청구 방법,기준
86,근로노동,파견근로자-기간-제한,파견근로자-기간-제한.md,파견근로자 기간 제한,근무 기간,법적 제한,초과 시 조치
87,근로노동,파견근로자-육아휴직-사용,파견근로자-육아휴직-사용.md,파견근로자 육아휴직 사용,휴직 신청,사용 조건,절차
88,근로노동,자영업자-실업급여-받기,자영업자-실업급여-받기.md,자영업자 실업급여 받기,실업급여,신청 조건,지원 규모
89,근로노동,스스로-사표-쓰고-구직급여,스스로-사표-쓰고-구직급여.md,스스로 사표 쓰고 구직급여,자발적 퇴직,급여 수급,신청 조건
90,근로노동,구직급여-수급자격,구직급여-수급자격.md,구직급여 수급자격,자격 기준,신청 조건,필요 서류
91,근로노동,구직급여-지급-제한-해제,구직급여-지급-제한-해제.md,구직급여 지급 제한 해제,제한 해제,신청 방법,기준
92,근로노동,구직급여-미지급-유족-받기,구직급여-미지급-유족-받기.md,구직급여 미지급 유족 받기,유족 청구,신청 대상,절차
93,근로노동,구직급여-출산-이유-실업인정,구직급여-출산-이유-실업인정.md,구직급여 출산 이유 실업인정,실업인정,신청 조건,절차
94,근로노동,구직급여-연장-받기,구직급여-연장-받기.md,구직급여 연장 받기,연장 신청,신청 조건,기한
95,근로노동,구직급여-취업-시-남은-급여,구직급여-취업-시-남은-급여.md,구직급여 취업 시 남은 급여,취업 시 조치,급여 처리,기준
96,근로노동,구직촉진수당-수급-요건,구직촉진수당-수급-요건.md,구직촉진수당 수급 요건,수당 신청,신청 조건,지원 규모
97,근로노동,구직촉진수당-부정수급-처벌,구직촉진수당-부정수급-처벌.md,구직촉진수당 부정수급 처벌,부정수급,처벌 규정,법적 조치
98,근로노동,실업신고-지연-후-가능-여부,실업신고-지연-후-가능-여부.md,실업신고 지연 후 가능 여부,지연 신고,신청 가능성,조건
99,근로노동,실업인정-입사-면접-출석-불가,실업인정-입사-면접-출석-불가.md,실업인정 입사 면접 출석 불가,면접 참석,인정 여부,규정
100,근로노동,실업인정-아르바이트-미신고-제재,실업인정-아르바이트-미신고-제재.md,실업인정 아르바이트 미신고 제재,부정신고,제재 규정,처벌
101,근로노동,건설현장-일용직-실업급여,건설현장-일용직-실업급여.md,건설현장 일용직 실업급여,일용직 급여,신청 조건,지원 규모
102,근로노동,배달앱-플랫폼-전속-배달기사-구직급여,배달앱-플랫폼-전속-배달기사-구직급여.md,배달앱 플랫폼 전속 배달기사 구직급여,플랫폼 근로자,급여 수급,신청 방법
103,근로노동,월평균-임금-300만원-미만-근로자-지원,월평균-임금-300만원-미만-근로자-지원.md,월평균 임금 300만원 미만 근로자 지원,저소득 근로자,지원 프로그램,신청 조건
104,근로노동,최저임금-미만-지급-처벌,최저임금-미만-지급-처벌.md,최저임금 미만 지급 처벌,최저임금 위반,신고 방법,처벌 규정
105,근로노동,임금-상품권-지급-가능,임금-상품권-지급-가능.md,임금 상품권 지급 가능,상품권 지급,법적 기준,유효성
106,근로노동,임금체불-보증보험-보험금-청구,임금체불-보증보험-보험금-청구.md,임금체불 보증보험 보험금 청구,보험금 청구,신청 절차,필요 서류
107,근로노동,임금-퇴직금-미지급-이자,임금-퇴직금-미지급-이자.md,임금 퇴직금 미지급 이자,미지급 이자,이자율,청구 방법
108,근로노동,임금명세서-교부-기재-내용,임금명세서-교부-기재-내용.md,임금명세서 교부 기재 내용,명세서 기준,기재 의무,작성 방법
109,근로노동,봉사료-팁-임금-해당,봉사료-팁-임금-해당.md,봉사료 팁 임금 해당,팁 분류,임금 판정,법적 기준
110,근로노동,계속근로기간-산정-방식,계속근로기간-산정-방식.md,계속근로기간 산정 방식,산정 방법,기준 규정,계산 방식
111,근로노동,건설현장-일용근로자-근로계약서-작성,건설현장-일용근로자-근로계약서-작성.md,건설현장 일용근로자 근로계약서 작성,계약서 작성,필수 사항,절차
112,근로노동,근로계약서-체결-주의사항,근로계약서-체결-주의사항.md,근로계약서 체결 주의사항,계약 체결,주의 사항,필수 내용
113,근로노동,단시간근로자-유급휴일-연차휴가,단시간근로자-유급휴일-연차휴가.md,단시간근로자 유급휴일 연차휴가,유급휴일,연차 계산,기준 규정
114,근로노동,단시간근로자-초과근무-강요,단시간근로자-초과근무-강요.md,단시간근로자 초과근무 강요,초과근무,강요 금지,법적 보호
115,근로노동,시간선택제-근로자-초과근무-의무,시간선택제-근로자-초과근무-의무.md,시간선택제 근로자 초과근무 의무,초과근무 의무,강요 금지,규정
116,근로노동,일용근로자-휴식시간-법정근로시간,일용근로자-휴식시간-법정근로시간.md,일용근로자 휴식시간 법정근로시간,근로시간,휴식 기준,규정
117,근로노동,휴업-기간-임금-받기,휴업-기간-임금-받기.md,휴업 기간 임금 받기,휴업 임금,신청 방법,지원 규모
118,근로노동,가족돌봄-근로시간-단축-연차-사용,가족돌봄-근로시간-단축-연차-사용.md,가족돌봄 근로시간 단축 연차 사용,시간단축,연차 사용,기준
119,근로노동,근로관계-종료-사유,근로관계-종료-사유.md,근로관계 종료 사유,종료 사유,정의,기본 개념
120,근로노동,해고-근로자-임금-퇴직금-지급-기한,해고-근로자-임금-퇴직금-지급-기한.md,해고 근로자 임금 퇴직금 지급 기한,지급 기한,법적 규정,조건
121,근로노동,기간제근로자-근로기준법-외-보호법,기간제근로자-근로기준법-외-보호법.md,기간제근로자 근로기준법 외 보호법,보호 규정,적용 법령,기본 보장
122,근로노동,기간제근로자-무기계약-전환-시기,기간제근로자-무기계약-전환-시기.md,기간제근로자 무기계약 전환 시기,전환 기준,신청 절차,조건
123,근로노동,유연근무제-정의,유연근무제-정의.md,유연근무제 정의,정의,기본 개념,종류
124,근로노동,유연근무제-도입-절차,유연근무제-도입-절차.md,유연근무제 도입 절차,도입 방법,절차,필요 사항
125,근로노동,유연근무제-신청-해제-방법,유연근무제-신청-해제-방법.md,유연근무제 신청 해제 방법,신청 절차,해제 방법,기준
126,근로노동,재택근무-유연근무제-시설-장비-지원,재택근무-유연근무제-시설-장비-지원.md,재택근무 유연근무제 시설 장비 지원,시설 지원,장비 지원,지원 규모
127,근로노동,외국국적동포-한국-취업-제도,외국국적동포-한국-취업-제도.md,외국국적동포 한국 취업 제도,동포 취업,제도 설명,신청 방법
128,근로노동,외국인근로자-근무처-변경,외국인근로자-근무처-변경.md,외국인근로자 근무처 변경,근무처 변경,신청 방법,기준
129,근로노동,외국인근로자-퇴사-후-체류기간-연장,외국인근로자-퇴사-후-체류기간-연장.md,외국인근로자 퇴사 후 체류기간 연장,체류 연장,신청 조건,절차
130,근로노동,외국인근로자-재입국-취업-특례,외국인근로자-재입국-취업-특례.md,외국인근로자 재입국 취업 특례,재입국 제도,신청 조건,절차
131,근로노동,외국인근로자-4년-10개월-후-재입국,외국인근로자-4년-10개월-후-재입국.md,외국인근로자 4년 10개월 후 재입국,재입국 기한,신청 방법,기준
132,근로노동,배달앱종사자-근로자성-인정,배달앱종사자-근로자성-인정.md,배달앱종사자 근로자성 인정,근로자 지위,인정 기준,법적 판단
133,근로노동,배달기사-산재보험-유지-휴업,배달기사-산재보험-유지-휴업.md,배달기사 산재보험 유지 휴업,보험 유지,휴업 기간,기준
134,근로노동,배달기사-보험-가입-종류,배달기사-보험-가입-종류.md,배달기사 보험 가입 종류,보험 종류,가입 방법,기본 규정
135,근로노동,배달기사-종합소득세-신고-납부,배달기사-종합소득세-신고-납부.md,배달기사 종합소득세 신고 납부,소득세 신고,기한,기본 규정
136,근로노동,배달기사-고용보험-이중취득,배달기사-고용보험-이중취득.md,배달기사 고용보험 이중취득,중복 가입,금지 규정,처벌
137,근로노동,나이-제한-채용-법령-위반,나이-제한-채용-법령-위반.md,나이 제한 채용 법령 위반,연령 제한,위반 사항,신고 방법
138,근로노동,결혼-임신-퇴사-규정-차별,결혼-임신-퇴사-규정-차별.md,결혼 임신 퇴사 규정 차별,차별 금지,법적 보호,신고 방법
139,근로노동,공인노무사-무료-법률-지원,공인노무사-무료-법률-지원.md,공인노무사 무료 법률 지원,법률 지원,이용 조건,신청 방법
140,근로노동,직장-내-괴롭힘-해결-방법,직장-내-괴롭힘-해결-방법.md,직장 내 괴롭힘 해결 방법,괴롭힘 대응,신고 방법,해결 절차
141,근로노동,블랙리스트-제작-배포-대응,블랙리스트-제작-배포-대응.md,블랙리스트 제작 배포 대응,블랙리스트,신고 방법,법적 조치
142,근로노동,취업-준비-스트레스-상담,취업-준비-스트레스-상담.md,취업 준비 스트레스 상담,상담 서비스,신청 조건,기관
143,근로노동,취업-재취업-정보-상담,취업-재취업-정보-상담.md,취업 재취업 정보 상담,정보 상담,신청 방법,기관
144,근로노동,생애경력설계-서비스,생애경력설계-서비스.md,생애경력설계 서비스,설계 서비스,신청 조건,기관
145,근로노동,중소기업-청년-소득세-감면-신청,중소기업-청년-소득세-감면-신청.md,중소기업 청년 소득세 감면 신청,소득세 감면,신청 조건,지원 규모
146,근로노동,중소기업-적성-파악-방법,중소기업-적성-파악-방법.md,중소기업 적성 파악 방법,적성 파악,프로그램,신청 방법
147,근로노동,국민내일배움카드-발급-신청,국민내일배움카드-발급-신청.md,국민내일배움카드 발급 신청,카드 발급,신청 조건,절차
148,근로노동,시간선택제-일자리,시간선택제-일자리.md,시간선택제 일자리,일자리 정보,신청 방법,프로그램
149,근로노동,기초연금-수급자-일자리,기초연금-수급자-일자리.md,기초연금 수급자 일자리,일자리 지원,신청 조건,정보
150,근로노동,공제조합-설립-인가,공제조합-설립-인가.md,공제조합 설립 인가,설립 인가,신청 절차,기준
151,근로노동,점자프린터-특수키보드-무상지원,점자프린터-특수키보드-무상지원.md,점자프린터 특수키보드 무상지원,보조기기 지원,신청 방법,지원 규모
152,근로노동,건설현장-자재공급-중단-휴업수당,건설현장-자재공급-중단-휴업수당.md,건설현장 자재공급 중단 휴업수당,휴업 수당,청구 방법,기준
153,근로노동,건설현장-일당-현장반장-잠적-대응,건설현장-일당-현장반장-잠적-대응.md,건설현장 일당 현장반장 잠적 대응,현장 대응,신고 방법,법적 조치
154,근로노동,사용자-해고-근로자-임금-퇴직금-지급기한,사용자-해고-근로자-임금-퇴직금-지급기한.md,사용자 해고 근로자 임금 퇴직금 지급기한,지급 기한,법적 규정,조건
155,근로노동,휴업-임금-받기,휴업-임금-받기.md,휴업 임금 받기,휴업 보상,청구 방법,기준
156,근로노동,파견근로-업무-제한,파견근로-업무-제한.md,파견근로 업무 제한,업무 제한,금지 사항,법적 규정
157,근로노동,감염병-확산-휴업-배달기사-산재보험,감염병-확산-휴업-배달기사-산재보험.md,감염병 확산 휴업 배달기사 산재보험,팬데믹 보험,신청 조건,보상 규정
158,근로노동,부당해고-공인노무사-무료법률지원,부당해고-공인노무사-무료법률지원.md,부당해고 공인노무사 무료법률지원,무료 지원,신청 조건,절차
159,근로노동,고령자-고용-지원금-허위신청-처벌,고령자-고용-지원금-허위신청-처벌.md,고령자 고용 지원금 허위신청 처벌,부정 신청,처벌 규정,법적 조치
160,근로노동,퇴직소득세-분리과세-비과세-계산,퇴직소득세-분리과세-비과세-계산.md,퇴직소득세 분리과세와 비과세 계산법,분리과세,비과세 범위,계산 공식
161,근로노동,사직서-작성-기한-철회-효력,사직서-작성-기한-철회-효력.md,사직서 작성과 철회 효력 제출 기한,제출 기한,철회 가능성,효력
162,근로노동,산업재해-보상-신청-절차-기한,산업재해-보상-신청-절차-기한.md,산업재해 보상 신청 절차와 기한,신청 절차,기한 3년,기본 규정
163,근로노동,노동조합-파업-손해배상-청구-범위,노동조합-파업-손해배상-청구-범위.md,노동조합 파업 중 손해배상 청구 범위,손해배상,청구 범위,법적 제한
164,근로노동,계약직-정규직-전환-기준-요건,계약직-정규직-전환-기준-요건.md,계약직 정규직 전환 기준과 요건,전환 기준,판례,법적 조건
