번호,원본 질문,정제된 키워드,베이스 키워드,검색의도
1,원천세금이란 무엇인가요?,원천세란 무엇인가요,원천세,정보
2,원천세가 뭔가요?,원천세 뜻,원천세,정보
3,원천세는 어디에 납부해야 하나요?,원천세 납부 방법,원천세 납부,정보
4,원천세 납부일은 언제인가요?,원천세 납부일,원천세 납부,정보
5,원천세 납부 일정은 어떻게 되나요?,원천세 납부 일정,원천세 납부,정보
6,원천세 납부시기?,원천세 납부 시기,원천세 납부,정보
7,개인 원천세는 어떻게 신고하나요?,원천세 신고 방법,원천세 신고,정보
8,원천세는 어떻게 신고하나요?,원천세 신고 방법,원천세 신고,정보
9,원천세 신고 늦으면?,원천세 신고 지연 가산세,원천세 신고,정보
10,원천세를 잘못 납부했을 때 어떻게 해야 하나요?,원천세 잘못 납부 정정,원천세 납부,해결
11,원천세 신고 잘못했을때?,원천세 신고 수정 방법,원천세 신고,해결
12,원천세와 원천징수의 차이점은 무엇인가요?,원천세 원천징수 차이,원천세,비교
13,소득세와 원천세의 차이점은 무엇인가요?,원천세 소득세 차이,원천세,비교
14,원천징수 종합과세 차이?,원천징수 종합과세 차이,원천징수,비교
15,원천세 3.3%는 어떤 세율인가요?,원천세 3.3% 의미,원천세 3.3%,정보
16,3.3% 세금을 떼는 이유는 무엇인가요?,3.3% 세금 떼는 이유,원천세 3.3%,정보
17,3.3% 세금은 어떻게 계산하나요?,원천세 3.3% 계산,원천세 3.3%,정보
18,세금 3.3 떼는이유?,3.3% 원천징수 이유,원천세 3.3%,정보
19,원천세 8.8%는 어떤 세금을 의미하나요?,원천세 8.8% 의미,원천세 8.8%,정보
20,원천징수 몇프로?,원천징수 세율,원천징수,정보
21,월급에서 세금 떼는 비율?,월급 원천징수 비율,원천징수,정보
22,월급 500만원의 원천징수액은 얼마인가요?,월급 500만원 원천징수액,원천징수,계산
23,원천징수 소득세가 0원인 이유는 무엇인가요?,원천징수 소득세 0원 이유,원천징수,해결
24,원천세 귀속시기는 언제인가요?,원천세 귀속시기,원천세,정보
25,원천세신고서를 어떻게 조회하나요?,원천세 신고서 조회,원천세 신고,정보
26,원천징수영수증 내는 이유?,원천징수영수증 발급 이유,원천징수영수증,정보
27,원천세는 자동이체가 가능한가요?,원천세 자동이체,원천세 납부,정보
28,원천세 신고를 해야 하는 이유는 무엇인가요?,원천세 신고 이유,원천세 신고,정보
29,원천징수 면제 금액은 얼마인가요?,원천징수 면제 금액,원천징수,정보
30,원천세는 어떤 원리로 납부되나요?,원천세 납부 원리,원천세 납부,정보
