파일명,베이스키워드,제안제목,키워드1,키워드2,키워드3,키워드4,키워드5
"1년미만-퇴직금-지급규정.md","퇴직금","퇴직금·지급규정","퇴직금","퇴직금 기본","퇴직금 조건","퇴직금 신청","퇴직금 받기"
"52시간-초과-퇴직-실업급여.md","퇴직금","초과·퇴직·실업급여·받는법","퇴직금","퇴직금 기본","퇴직금 조건","퇴직금 신청","퇴직금 받기"
"db형-퇴직금-수령방법.md","퇴직금 수령","db형·퇴직금·수령방법","퇴직금 수령","퇴직금 수령방법","퇴직금 일시금 수령","퇴직금 인출","퇴직금 수령 나이"
"dc형-퇴직금-수령방법.md","퇴직금 수령","dc형·퇴직금·수령방법","퇴직금 수령","퇴직금 수령방법","퇴직금 일시금 수령","퇴직금 인출","퇴직금 수령 나이"
"IRP-개인퇴직계좌-세제-혜택.md","퇴직금 IRP","IRP·개인퇴직계좌·세제·받는법","퇴직금 IRP","IRP 계좌","IRP 수령","퇴직금 IRP 의무","IRP 세액공제"
"irp-계좌-퇴직금-수령방법.md","퇴직금 IRP","irp·계좌·퇴직금·받는법","퇴직금 IRP","IRP 계좌","IRP 수령","퇴직금 IRP 의무","IRP 세액공제"
"irp-퇴직금-인출.md","퇴직금 IRP","irp·퇴직금·인출","퇴직금 IRP","IRP 계좌","IRP 수령","퇴직금 IRP 의무","IRP 세액공제"
"개인사업자-퇴직연금.md","퇴직연금","개인사업자·퇴직연금·받는법","퇴직연금","퇴직연금 가입","퇴직연금 수령","퇴직연금 운용","퇴직연금 조회"
"개인퇴직연금.md","퇴직연금","개인퇴직연금·받는법","퇴직연금","퇴직연금 가입","퇴직연금 수령","퇴직연금 운용","퇴직연금 조회"
"개인퇴직연금-가입.md","퇴직연금","개인퇴직연금·가입·받는법","퇴직연금","퇴직연금 가입","퇴직연금 수령","퇴직연금 운용","퇴직연금 조회"
"개인퇴직연금-해지.md","퇴직연금","개인퇴직연금·해지","퇴직연금","퇴직연금 가입","퇴직연금 수령","퇴직연금 운용","퇴직연금 조회"
"개인형-irp-퇴직금-수령방법.md","퇴직금 IRP","개인형·irp·퇴직금·받는법","퇴직금 IRP","IRP 계좌","IRP 수령","퇴직금 IRP 의무","IRP 세액공제"
"건설근로자공제회-퇴직금-수령방법.md","퇴직금 수령","건설근로자공제회·퇴직금·수령방법","퇴직금 수령","퇴직금 수령방법","퇴직금 일시금 수령","퇴직금 인출","퇴직금 수령 나이"
"건설근로자-퇴직금.md","퇴직금","건설근로자·퇴직금·받는법","퇴직금","퇴직금 기본","퇴직금 조건","퇴직금 신청","퇴직금 받기"
"계약직-퇴직금.md","퇴직금","계약직·퇴직금·받는법","퇴직금","퇴직금 기본","퇴직금 조건","퇴직금 신청","퇴직금 받기"
"계약직-퇴직금-지급규정.md","퇴직금","계약직·퇴직금·지급규정","퇴직금","퇴직금 기본","퇴직금 조건","퇴직금 신청","퇴직금 받기"
"공무원-퇴직금.md","퇴직금","공무원·퇴직금·받는법","퇴직금","퇴직금 기본","퇴직금 조건","퇴직금 신청","퇴직금 받기"
"국민은행-퇴직금-수령방법.md","퇴직금 수령","국민은행·퇴직금·수령방법","퇴직금 수령","퇴직금 수령방법","퇴직금 일시금 수령","퇴직금 인출","퇴직금 수령 나이"
"국민은행-퇴직연금-etf-추천.md","퇴직연금","국민은행·퇴직연금·etf·받는법","퇴직연금","퇴직연금 가입","퇴직연금 수령","퇴직연금 운용","퇴직연금 조회"
"근로복지공단-퇴직연금.md","퇴직연금","근로복지공단·퇴직연금·받는법","퇴직연금","퇴직연금 가입","퇴직연금 수령","퇴직연금 운용","퇴직연금 조회"
"근로복지공단-퇴직연금-가입.md","퇴직연금","근로복지공단·퇴직연금·가입·받는법","퇴직연금","퇴직연금 가입","퇴직연금 수령","퇴직연금 운용","퇴직연금 조회"
"근로복지공단-퇴직연금-수령방법.md","퇴직금 수령","근로복지공단·퇴직연금·수령방법","퇴직금 수령","퇴직금 수령방법","퇴직금 일시금 수령","퇴직금 인출","퇴직금 수령 나이"
"근로복지공단-퇴직연금-조회.md","퇴직연금","근로복지공단·퇴직연금·조회·받는법","퇴직연금","퇴직연금 가입","퇴직연금 수령","퇴직연금 운용","퇴직연금 조회"
"근로복지공단-퇴직연금-중도인출.md","퇴직금 중도인출","근로복지공단·퇴직연금·중도인출","퇴직금 중도인출","중도인출 조건","중도인출 세금","중도인출 서류","퇴직금 중도인출 세금"
"기업은행-퇴직금-수령방법.md","퇴직금 수령","기업은행·퇴직금·수령방법","퇴직금 수령","퇴직금 수령방법","퇴직금 일시금 수령","퇴직금 인출","퇴직금 수령 나이"
"기업은행-퇴직연금-etf-추천.md","퇴직연금","기업은행·퇴직연금·etf·받는법","퇴직연금","퇴직연금 가입","퇴직연금 수령","퇴직연금 운용","퇴직연금 조회"
"농협-퇴직연금.md","퇴직연금","농협·퇴직연금·받는법","퇴직연금","퇴직연금 가입","퇴직연금 수령","퇴직연금 운용","퇴직연금 조회"
"대지급금-퇴직금-DB-DC-퇴직연금.md","퇴직연금","대지급금·퇴직금·DB","퇴직연금","퇴직연금 가입","퇴직연금 수령","퇴직연금 운용","퇴직연금 조회"
"명예퇴직금-세금.md","퇴직금 세금","명예퇴직금·세금","퇴직금 세금","퇴직금 세금 계산","퇴직금 세율","퇴직소득세","퇴직금 세금 환급"
"명예퇴직-실업급여.md","퇴직금","명예퇴직·실업급여·받는법","퇴직금","퇴직금 기본","퇴직금 조건","퇴직금 신청","퇴직금 받기"
"미래에셋-퇴직연금-etf-추천.md","퇴직연금","미래에셋·퇴직연금·etf·받는법","퇴직연금","퇴직연금 가입","퇴직연금 수령","퇴직연금 운용","퇴직연금 조회"
"미청구-퇴직연금-조회.md","퇴직연금","미청구·퇴직연금·조회·받는법","퇴직연금","퇴직연금 가입","퇴직연금 수령","퇴직연금 운용","퇴직연금 조회"
"방문판매원-독립계약자-퇴직금-미지급-대응.md","퇴직금 미지급","방문판매원·독립계약자·퇴직금·받는법","퇴직금 미지급","퇴직금 미지급 신고","퇴직금 미지급 받기","퇴직금 미지급 청구","퇴직금 미지급 처벌"
"사업주-퇴직권유-실업급여.md","퇴직금","사업주·퇴직권유·실업급여·받는법","퇴직금","퇴직금 기본","퇴직금 조건","퇴직금 신청","퇴직금 받기"
"삼성증권-퇴직연금-etf-추천.md","퇴직연금","삼성증권·퇴직연금·etf·받는법","퇴직연금","퇴직연금 가입","퇴직연금 수령","퇴직연금 운용","퇴직연금 조회"
"신한은행-퇴직연금-etf-추천.md","퇴직연금","신한은행·퇴직연금·etf·받는법","퇴직연금","퇴직연금 가입","퇴직연금 수령","퇴직연금 운용","퇴직연금 조회"
"실업급여-간병-퇴직.md","퇴직금","실업급여·간병·퇴직·받는법","퇴직금","퇴직금 기본","퇴직금 조건","퇴직금 신청","퇴직금 받기"
"실업급여-퇴직금.md","퇴직금","실업급여·퇴직금·받는법","퇴직금","퇴직금 기본","퇴직금 조건","퇴직금 신청","퇴직금 받기"
"알바-퇴직금.md","퇴직금","알바·퇴직금·받는법","퇴직금","퇴직금 기본","퇴직금 조건","퇴직금 신청","퇴직금 받기"
"알바-퇴직금-지급기준.md","퇴직금 기준","알바·퇴직금·지급기준","퇴직금 기준","퇴직금 조건","퇴직금 지급 기준","퇴직금 지급 조건","퇴직금 지급 대상"
"업무전환-발령-퇴직-실업급여.md","퇴직금","업무전환·발령·퇴직·받는법","퇴직금","퇴직금 기본","퇴직금 조건","퇴직금 신청","퇴직금 받기"
"연말정산-퇴직.md","퇴직금","연말정산·퇴직·받는법","퇴직금","퇴직금 기본","퇴직금 조건","퇴직금 신청","퇴직금 받기"
"연말정산-퇴직연금-세액공제.md","퇴직연금","연말정산·퇴직연금·세액공제·받는법","퇴직연금","퇴직연금 가입","퇴직연금 수령","퇴직연금 운용","퇴직연금 조회"
"연차휴가-일할계산-조기퇴직.md","퇴직금 계산","연차휴가·일할계산·조기퇴직","퇴직금 계산","퇴직금 계산 방법","퇴직금 계산 기준","퇴직금 계산법","퇴직금 계산기"
"외국인-퇴직금-수령방법.md","퇴직금 수령","외국인·퇴직금·수령방법","퇴직금 수령","퇴직금 수령방법","퇴직금 일시금 수령","퇴직금 인출","퇴직금 수령 나이"
"우리은행-퇴직연금-etf-추천.md","퇴직연금","우리은행·퇴직연금·etf·받는법","퇴직연금","퇴직연금 가입","퇴직연금 수령","퇴직연금 운용","퇴직연금 조회"
"일용직-퇴직금.md","퇴직금","일용직·퇴직금·받는법","퇴직금","퇴직금 기본","퇴직금 조건","퇴직금 신청","퇴직금 받기"
"일용직-퇴직금-지급기준.md","퇴직금 기준","일용직·퇴직금·지급기준","퇴직금 기준","퇴직금 조건","퇴직금 지급 기준","퇴직금 지급 조건","퇴직금 지급 대상"
"임금삭감-퇴직-실업급여.md","퇴직금","임금삭감·퇴직·실업급여·받는법","퇴직금","퇴직금 기본","퇴직금 조건","퇴직금 신청","퇴직금 받기"
"임원-퇴직금-지급규정.md","퇴직금","임원·퇴직금·지급규정","퇴직금","퇴직금 기본","퇴직금 조건","퇴직금 신청","퇴직금 받기"
"임원퇴직금-지급-기한.md","퇴직금 지급기한","임원퇴직금·지급·기한","퇴직금 지급기한","퇴직금 지급 기한","지급기한 14일","퇴직금 지급 기한 초과","퇴직금 지급기한 연장"
"재취업후-재퇴직-실업급여.md","퇴직금","재취업후·재퇴직·실업급여·받는법","퇴직금","퇴직금 기본","퇴직금 조건","퇴직금 신청","퇴직금 받기"
"정년퇴직후-실업급여-받는-방법.md","퇴직금","정년퇴직후·실업급여·받는·받는법","퇴직금","퇴직금 기본","퇴직금 조건","퇴직금 신청","퇴직금 받기"
"통상임금-퇴직금-계산.md","퇴직금 계산","통상임금·퇴직금·계산","퇴직금 계산","퇴직금 계산 방법","퇴직금 계산 기준","퇴직금 계산법","퇴직금 계산기"
"퇴사후-퇴직금-지급-기한.md","퇴직금 지급기한","퇴사후·퇴직금·지급","퇴직금 지급기한","퇴직금 지급 기한","지급기한 14일","퇴직금 지급 기한 초과","퇴직금 지급기한 연장"
"퇴직금.md","퇴직금","퇴직금·받는법","퇴직금","퇴직금 기본","퇴직금 조건","퇴직금 신청","퇴직금 받기"
"퇴직금-1년미만.md","퇴직금","퇴직금·받는법","퇴직금","퇴직금 기본","퇴직금 조건","퇴직금 신청","퇴직금 받기"
"퇴직금-DC형-계산법.md","퇴직금 계산","퇴직금·DC형·계산법","퇴직금 계산","퇴직금 계산 방법","퇴직금 계산 기준","퇴직금 계산법","퇴직금 계산기"
"퇴직금-IRP-계좌.md","퇴직금 IRP","퇴직금·IRP·계좌·받는법","퇴직금 IRP","IRP 계좌","IRP 수령","퇴직금 IRP 의무","IRP 세액공제"
"퇴직금-IRP-수령방법.md","퇴직금 IRP","퇴직금·IRP·수령방법","퇴직금 IRP","IRP 계좌","IRP 수령","퇴직금 IRP 의무","IRP 세액공제"
"퇴직금-irp-의무.md","퇴직금 IRP","퇴직금·irp·의무·받는법","퇴직금 IRP","IRP 계좌","IRP 수령","퇴직금 IRP 의무","IRP 세액공제"
"퇴직금-irp-의무-예외.md","퇴직금 IRP","퇴직금·irp·의무·받는법","퇴직금 IRP","IRP 계좌","IRP 수령","퇴직금 IRP 의무","IRP 세액공제"
"퇴직금-IRP-이체-세금.md","퇴직금 세금","퇴직금·IRP·이체·받는법","퇴직금 세금","퇴직금 세금 계산","퇴직금 세율","퇴직소득세","퇴직금 세금 환급"
"퇴직금-irp-지급-의무화.md","퇴직금 IRP","퇴직금·irp·지급","퇴직금 IRP","IRP 계좌","IRP 수령","퇴직금 IRP 의무","IRP 세액공제"
"퇴직금-가압류.md","퇴직금","퇴직금·가압류·받는법","퇴직금","퇴직금 기본","퇴직금 조건","퇴직금 신청","퇴직금 받기"
"퇴직금-계산기.md","퇴직금 계산","퇴직금·계산기","퇴직금 계산","퇴직금 계산 방법","퇴직금 계산 기준","퇴직금 계산법","퇴직금 계산기"
"퇴직금-계산기-고용노동부.md","퇴직금 계산","퇴직금·계산기·고용노동부","퇴직금 계산","퇴직금 계산 방법","퇴직금 계산 기준","퇴직금 계산법","퇴직금 계산기"
"퇴직금-계산기-세전-세후.md","퇴직금 계산","퇴직금·계산기·세전","퇴직금 계산","퇴직금 계산 방법","퇴직금 계산 기준","퇴직금 계산법","퇴직금 계산기"
"퇴직금-계산기-연차수당.md","퇴직금 계산","퇴직금·계산기·연차수당","퇴직금 계산","퇴직금 계산 방법","퇴직금 계산 기준","퇴직금 계산법","퇴직금 계산기"
"퇴직금-계산기-통상임금.md","퇴직금 계산","퇴직금·계산기·통상임금","퇴직금 계산","퇴직금 계산 방법","퇴직금 계산 기준","퇴직금 계산법","퇴직금 계산기"
"퇴직금-계산-방법.md","퇴직금 계산","퇴직금·계산·방법","퇴직금 계산","퇴직금 계산 방법","퇴직금 계산 기준","퇴직금 계산법","퇴직금 계산기"
"퇴직금-계산법.md","퇴직금 계산","퇴직금·계산법","퇴직금 계산","퇴직금 계산 방법","퇴직금 계산 기준","퇴직금 계산법","퇴직금 계산기"
"퇴직금-계산-평균임금-공식.md","퇴직금 계산","퇴직금·계산·평균임금","퇴직금 계산","퇴직금 계산 방법","퇴직금 계산 기준","퇴직금 계산법","퇴직금 계산기"
"퇴직금-기준.md","퇴직금 기준","퇴직금·기준","퇴직금 기준","퇴직금 조건","퇴직금 지급 기준","퇴직금 지급 조건","퇴직금 지급 대상"
"퇴직금-몇개월부터.md","퇴직금","퇴직금·몇개월부터·받는법","퇴직금","퇴직금 기본","퇴직금 조건","퇴직금 신청","퇴직금 받기"
"퇴직금-미지급-신고.md","퇴직금 미지급","퇴직금·미지급·신고","퇴직금 미지급","퇴직금 미지급 신고","퇴직금 미지급 받기","퇴직금 미지급 청구","퇴직금 미지급 처벌"
"퇴직금-미지급-지급받는-방법.md","퇴직금 미지급","퇴직금·미지급·지급받는","퇴직금 미지급","퇴직금 미지급 신고","퇴직금 미지급 받기","퇴직금 미지급 청구","퇴직금 미지급 처벌"
"퇴직금-미지급-청구-기한-지연이자.md","퇴직금 지연이자","퇴직금·미지급·청구","퇴직금 지연이자","퇴직금 지연이자 받기","지연이자 계산","퇴직금 미지급 지연이자","지연이자 청구"
"퇴직금-분할지급.md","퇴직금","퇴직금·분할지급","퇴직금","퇴직금 기본","퇴직금 조건","퇴직금 신청","퇴직금 받기"
"퇴직금-사업장-도산-받기.md","퇴직금","퇴직금·사업장·도산·받는법","퇴직금","퇴직금 기본","퇴직금 조건","퇴직금 신청","퇴직금 받기"
"퇴직금-산정-방식.md","퇴직금","퇴직금·산정·방식·받는법","퇴직금","퇴직금 기본","퇴직금 조건","퇴직금 신청","퇴직금 받기"
"퇴직금-상여금-포함.md","퇴직금","퇴직금·상여금·포함·받는법","퇴직금","퇴직금 기본","퇴직금 조건","퇴직금 신청","퇴직금 받기"
"퇴직금-세금.md","퇴직금 세금","퇴직금·세금","퇴직금 세금","퇴직금 세금 계산","퇴직금 세율","퇴직소득세","퇴직금 세금 환급"
"퇴직금-세금-계산기.md","퇴직금 계산","퇴직금·세금·계산기","퇴직금 계산","퇴직금 계산 방법","퇴직금 계산 기준","퇴직금 계산법","퇴직금 계산기"
"퇴직금-세금-몇프로.md","퇴직금 세금","퇴직금·세금·몇프로","퇴직금 세금","퇴직금 세금 계산","퇴직금 세율","퇴직소득세","퇴직금 세금 환급"
"퇴직금-세금-환급.md","퇴직금 세금","퇴직금·세금·환급","퇴직금 세금","퇴직금 세금 계산","퇴직금 세율","퇴직소득세","퇴직금 세금 환급"
"퇴직금-세율.md","퇴직금 세금","퇴직금·세율·받는법","퇴직금 세금","퇴직금 세금 계산","퇴직금 세율","퇴직소득세","퇴직금 세금 환급"
"퇴직금-소득세.md","퇴직금 세금","퇴직금·소득세·받는법","퇴직금 세금","퇴직금 세금 계산","퇴직금 세율","퇴직소득세","퇴직금 세금 환급"
"퇴직금-소멸시효.md","퇴직금","퇴직금·소멸시효·받는법","퇴직금","퇴직금 기본","퇴직금 조건","퇴직금 신청","퇴직금 받기"
"퇴직금-수령방법.md","퇴직금 수령","퇴직금·수령방법","퇴직금 수령","퇴직금 수령방법","퇴직금 일시금 수령","퇴직금 인출","퇴직금 수령 나이"
"퇴직금-압류.md","퇴직금","퇴직금·압류·받는법","퇴직금","퇴직금 기본","퇴직금 조건","퇴직금 신청","퇴직금 받기"
"퇴직금-연금-의무화-언제부터.md","퇴직금","퇴직금·연금·의무화·받는법","퇴직금","퇴직금 기본","퇴직금 조건","퇴직금 신청","퇴직금 받기"
"퇴직금-연금저축계좌-수령.md","퇴직금 수령","퇴직금·연금저축계좌·수령","퇴직금 수령","퇴직금 수령방법","퇴직금 일시금 수령","퇴직금 인출","퇴직금 수령 나이"
"퇴직금-연금-전환.md","퇴직금","퇴직금·연금·전환·받는법","퇴직금","퇴직금 기본","퇴직금 조건","퇴직금 신청","퇴직금 받기"
"퇴직금-연봉제.md","퇴직금","퇴직금·연봉제·받는법","퇴직금","퇴직금 기본","퇴직금 조건","퇴직금 신청","퇴직금 받기"
"퇴직금-육아휴직.md","퇴직금","퇴직금·육아휴직·받는법","퇴직금","퇴직금 기본","퇴직금 조건","퇴직금 신청","퇴직금 받기"
"퇴직금-이란.md","퇴직금","퇴직금·이란·받는법","퇴직금","퇴직금 기본","퇴직금 조건","퇴직금 신청","퇴직금 받기"
"퇴직금-일시금-세금.md","퇴직금 세금","퇴직금·일시금·세금","퇴직금 세금","퇴직금 세금 계산","퇴직금 세율","퇴직소득세","퇴직금 세금 환급"
"퇴직금-일시금-수령-방법.md","퇴직금 수령","퇴직금·일시금·수령","퇴직금 수령","퇴직금 수령방법","퇴직금 일시금 수령","퇴직금 인출","퇴직금 수령 나이"
"퇴직금-일시금-수령-세금-계산기.md","퇴직금 계산","퇴직금·일시금·수령","퇴직금 계산","퇴직금 계산 방법","퇴직금 계산 기준","퇴직금 계산법","퇴직금 계산기"
"퇴직금-일용직.md","퇴직금","퇴직금·일용직·받는법","퇴직금","퇴직금 기본","퇴직금 조건","퇴직금 신청","퇴직금 받기"
"퇴직금-정산.md","퇴직금","퇴직금·정산·받는법","퇴직금","퇴직금 기본","퇴직금 조건","퇴직금 신청","퇴직금 받기"
"퇴직금-정산서.md","퇴직금","퇴직금·정산서·받는법","퇴직금","퇴직금 기본","퇴직금 조건","퇴직금 신청","퇴직금 받기"
"퇴직금-제도-종류.md","퇴직금","퇴직금·제도·종류·받는법","퇴직금","퇴직금 기본","퇴직금 조건","퇴직금 신청","퇴직금 받기"
"퇴직금-조건.md","퇴직금","퇴직금·조건","퇴직금","퇴직금 기본","퇴직금 조건","퇴직금 신청","퇴직금 받기"
"퇴직금-중간정산.md","퇴직금 중간정산","퇴직금·중간정산·받는법","퇴직금 중간정산","중간정산 조건","중간정산 방법","중간정산 서류","중간정산 사유"
"퇴직금-중간정산-계산기.md","퇴직금 계산","퇴직금·중간정산·계산기","퇴직금 계산","퇴직금 계산 방법","퇴직금 계산 기준","퇴직금 계산법","퇴직금 계산기"
"퇴직금-중간정산-방법.md","퇴직금 중간정산","퇴직금·중간정산·방법","퇴직금 중간정산","중간정산 조건","중간정산 방법","중간정산 서류","중간정산 사유"
"퇴직금-중간정산-사유.md","퇴직금 중간정산","퇴직금·중간정산·사유·받는법","퇴직금 중간정산","중간정산 조건","중간정산 방법","중간정산 서류","중간정산 사유"
"퇴직금-중간정산-사유별-증빙서류.md","퇴직금 중간정산","퇴직금·중간정산·사유별·받는법","퇴직금 중간정산","중간정산 조건","중간정산 방법","중간정산 서류","중간정산 사유"
"퇴직금-중간정산-서류.md","퇴직금 중간정산","퇴직금·중간정산·서류·받는법","퇴직금 중간정산","중간정산 조건","중간정산 방법","중간정산 서류","중간정산 사유"
"퇴직금-중간정산-세금.md","퇴직금 세금","퇴직금·중간정산·세금","퇴직금 세금","퇴직금 세금 계산","퇴직금 세율","퇴직소득세","퇴직금 세금 환급"
"퇴직금-중간정산-신청서.md","퇴직금 중간정산","퇴직금·중간정산·신청서","퇴직금 중간정산","중간정산 조건","중간정산 방법","중간정산 서류","중간정산 사유"
"퇴직금-중간정산-요건.md","퇴직금 중간정산","퇴직금·중간정산·요건·받는법","퇴직금 중간정산","중간정산 조건","중간정산 방법","중간정산 서류","중간정산 사유"
"퇴직금-중간정산-조건.md","퇴직금 중간정산","퇴직금·중간정산·조건","퇴직금 중간정산","중간정산 조건","중간정산 방법","중간정산 서류","중간정산 사유"
"퇴직금-중간정산-주택구입.md","퇴직금 중간정산","퇴직금·중간정산·주택구입·받는법","퇴직금 중간정산","중간정산 조건","중간정산 방법","중간정산 서류","중간정산 사유"
"퇴직금-중간정산-후-퇴직금-계산.md","퇴직금 계산","퇴직금·중간정산·퇴직금·받는법","퇴직금 계산","퇴직금 계산 방법","퇴직금 계산 기준","퇴직금 계산법","퇴직금 계산기"
"퇴직금-중도인출-세금.md","퇴직금 세금","퇴직금·중도인출·세금","퇴직금 세금","퇴직금 세금 계산","퇴직금 세율","퇴직소득세","퇴직금 세금 환급"
"퇴직금-지급기준.md","퇴직금 기준","퇴직금·지급기준","퇴직금 기준","퇴직금 조건","퇴직금 지급 기준","퇴직금 지급 조건","퇴직금 지급 대상"
"퇴직금-지급-기준.md","퇴직금 기준","퇴직금·지급·기준","퇴직금 기준","퇴직금 조건","퇴직금 지급 기준","퇴직금 지급 조건","퇴직금 지급 대상"
"퇴직금-지급-기준-5인미만.md","퇴직금 기준","퇴직금·지급·기준","퇴직금 기준","퇴직금 조건","퇴직금 지급 기준","퇴직금 지급 조건","퇴직금 지급 대상"
"퇴직금-지급기한.md","퇴직금 지급기한","퇴직금·지급기한","퇴직금 지급기한","퇴직금 지급 기한","지급기한 14일","퇴직금 지급 기한 초과","퇴직금 지급기한 연장"
"퇴직금-지급-기한.md","퇴직금 지급기한","퇴직금·지급·기한","퇴직금 지급기한","퇴직금 지급 기한","지급기한 14일","퇴직금 지급 기한 초과","퇴직금 지급기한 연장"
"퇴직금-지급-기한-14일.md","퇴직금 지급기한","퇴직금·지급·기한","퇴직금 지급기한","퇴직금 지급 기한","지급기한 14일","퇴직금 지급 기한 초과","퇴직금 지급기한 연장"
"퇴직금-지급-기한-연장.md","퇴직금 지급기한","퇴직금·지급·기한","퇴직금 지급기한","퇴직금 지급 기한","지급기한 14일","퇴직금 지급 기한 초과","퇴직금 지급기한 연장"
"퇴직금-지급-기한-연장-동의서.md","퇴직금 지급기한","퇴직금·지급·기한","퇴직금 지급기한","퇴직금 지급 기한","지급기한 14일","퇴직금 지급 기한 초과","퇴직금 지급기한 연장"
"퇴직금-지급-기한-초과.md","퇴직금 지급기한","퇴직금·지급·기한","퇴직금 지급기한","퇴직금 지급 기한","지급기한 14일","퇴직금 지급 기한 초과","퇴직금 지급기한 연장"
"퇴직금-지급-절차.md","퇴직금","퇴직금·지급·절차","퇴직금","퇴직금 기본","퇴직금 조건","퇴직금 신청","퇴직금 받기"
"퇴직금-지급-청구-방법.md","퇴직금","퇴직금·지급·청구","퇴직금","퇴직금 기본","퇴직금 조건","퇴직금 신청","퇴직금 받기"
"퇴직금-지연이자.md","퇴직금 지연이자","퇴직금·지연이자","퇴직금 지연이자","퇴직금 지연이자 받기","지연이자 계산","퇴직금 미지급 지연이자","지연이자 청구"
"퇴직금-지연이자-받기.md","퇴직금 지연이자","퇴직금·지연이자·받기","퇴직금 지연이자","퇴직금 지연이자 받기","지연이자 계산","퇴직금 미지급 지연이자","지연이자 청구"
"퇴직금-통상임금-계산.md","퇴직금 계산","퇴직금·통상임금·계산","퇴직금 계산","퇴직금 계산 방법","퇴직금 계산 기준","퇴직금 계산법","퇴직금 계산기"
"퇴직금-통장.md","퇴직금","퇴직금·통장·받는법","퇴직금","퇴직금 기본","퇴직금 조건","퇴직금 신청","퇴직금 받기"
"퇴직금-통장-만들기.md","퇴직금","퇴직금·통장·만들기·받는법","퇴직금","퇴직금 기본","퇴직금 조건","퇴직금 신청","퇴직금 받기"
"퇴직금-통장-종류.md","퇴직금","퇴직금·통장·종류·받는법","퇴직금","퇴직금 기본","퇴직금 조건","퇴직금 신청","퇴직금 받기"
"퇴직금-평균임금.md","퇴직금 평균임금","퇴직금·평균임금·받는법","퇴직금 평균임금","평균임금 산정","평균임금 계산","퇴직금 평균임금 계산","평균임금 확인"
"퇴직금-평균임금-산정.md","퇴직금 평균임금","퇴직금·평균임금·산정·받는법","퇴직금 평균임금","평균임금 산정","평균임금 계산","퇴직금 평균임금 계산","평균임금 확인"
"퇴직금-포기각서.md","퇴직금","퇴직금·포기각서·받는법","퇴직금","퇴직금 기본","퇴직금 조건","퇴직금 신청","퇴직금 받기"
"퇴직금-프리랜서.md","퇴직금","퇴직금·프리랜서·받는법","퇴직금","퇴직금 기본","퇴직금 조건","퇴직금 신청","퇴직금 받기"
"퇴직금-해고.md","퇴직금","퇴직금·해고·받는법","퇴직금","퇴직금 기본","퇴직금 조건","퇴직금 신청","퇴직금 받기"
"퇴직급여-설정-방법.md","퇴직금","퇴직급여·설정·방법","퇴직금","퇴직금 기본","퇴직금 조건","퇴직금 신청","퇴직금 받기"
"퇴직급여-수급-요건.md","퇴직금","퇴직급여·수급·요건·받는법","퇴직금","퇴직금 기본","퇴직금 조건","퇴직금 신청","퇴직금 받기"
"퇴직급여-지급-대상-조건.md","퇴직금","퇴직급여·지급·대상","퇴직금","퇴직금 기본","퇴직금 조건","퇴직금 신청","퇴직금 받기"
"퇴직급여-지급-지연이자-받기.md","퇴직금 지연이자","퇴직급여·지급·지연이자","퇴직금 지연이자","퇴직금 지연이자 받기","지연이자 계산","퇴직금 미지급 지연이자","지연이자 청구"
"퇴직소득세.md","퇴직금 세금","퇴직소득세·받는법","퇴직금 세금","퇴직금 세금 계산","퇴직금 세율","퇴직소득세","퇴직금 세금 환급"
"퇴직소득세-계산.md","퇴직금 계산","퇴직소득세·계산","퇴직금 계산","퇴직금 계산 방법","퇴직금 계산 기준","퇴직금 계산법","퇴직금 계산기"
"퇴직소득세-분리과세-비과세-계산.md","퇴직금 계산","퇴직소득세·분리과세·비과세·받는법","퇴직금 계산","퇴직금 계산 방법","퇴직금 계산 기준","퇴직금 계산법","퇴직금 계산기"
"퇴직연금.md","퇴직연금","퇴직연금·받는법","퇴직연금","퇴직연금 가입","퇴직연금 수령","퇴직연금 운용","퇴직연금 조회"
"퇴직연금-DB-DC-IRP-비교.md","퇴직금 IRP","퇴직연금·DB·DC·받는법","퇴직금 IRP","IRP 계좌","IRP 수령","퇴직금 IRP 의무","IRP 세액공제"
"퇴직연금-db-dc-전환.md","퇴직연금","퇴직연금·db·dc·받는법","퇴직연금","퇴직연금 가입","퇴직연금 수령","퇴직연금 운용","퇴직연금 조회"
"퇴직연금-db-dc-차이.md","퇴직연금","퇴직연금·db·dc·받는법","퇴직연금","퇴직연금 가입","퇴직연금 수령","퇴직연금 운용","퇴직연금 조회"
"퇴직연금-dc형-etf-추천.md","퇴직금 DC형","퇴직연금·dc형·etf·받는법","퇴직금 DC형","DC형 퇴직금","DC형 계산","DC형 수령","확정기여 퇴직금"
"퇴직연금-DC형-운용.md","퇴직금 DC형","퇴직연금·DC형·운용·받는법","퇴직금 DC형","DC형 퇴직금","DC형 계산","DC형 수령","확정기여 퇴직금"
"퇴직연금-ETF-운용.md","퇴직연금","퇴직연금·ETF·운용·받는법","퇴직연금","퇴직연금 가입","퇴직연금 수령","퇴직연금 운용","퇴직연금 조회"
"퇴직연금-etf-추천.md","퇴직연금","퇴직연금·etf·추천·받는법","퇴직연금","퇴직연금 가입","퇴직연금 수령","퇴직연금 운용","퇴직연금 조회"
"퇴직연금-가입자-지급방식.md","퇴직연금","퇴직연금·가입자·지급방식","퇴직연금","퇴직연금 가입","퇴직연금 수령","퇴직연금 운용","퇴직연금 조회"
"퇴직연금-계산기.md","퇴직금 계산","퇴직연금·계산기","퇴직금 계산","퇴직금 계산 방법","퇴직금 계산 기준","퇴직금 계산법","퇴직금 계산기"
"퇴직연금-교육.md","퇴직연금","퇴직연금·교육·받는법","퇴직연금","퇴직연금 가입","퇴직연금 수령","퇴직연금 운용","퇴직연금 조회"
"퇴직연금-기금화.md","퇴직연금","퇴직연금·기금화·받는법","퇴직연금","퇴직연금 가입","퇴직연금 수령","퇴직연금 운용","퇴직연금 조회"
"퇴직연금-담보대출.md","퇴직연금","퇴직연금·담보대출·받는법","퇴직연금","퇴직연금 가입","퇴직연금 수령","퇴직연금 운용","퇴직연금 조회"
"퇴직연금-디폴트옵션.md","퇴직연금","퇴직연금·디폴트옵션·받는법","퇴직연금","퇴직연금 가입","퇴직연금 수령","퇴직연금 운용","퇴직연금 조회"
"퇴직연금-미국-etf-추천.md","퇴직연금","퇴직연금·미국·etf·받는법","퇴직연금","퇴직연금 가입","퇴직연금 수령","퇴직연금 운용","퇴직연금 조회"
"퇴직연금-배당-etf-추천.md","퇴직연금","퇴직연금·배당·etf·받는법","퇴직연금","퇴직연금 가입","퇴직연금 수령","퇴직연금 운용","퇴직연금 조회"
"퇴직연금-사업자-변경.md","퇴직연금","퇴직연금·사업자·변경·받는법","퇴직연금","퇴직연금 가입","퇴직연금 수령","퇴직연금 운용","퇴직연금 조회"
"퇴직연금-세액공제.md","퇴직연금","퇴직연금·세액공제·받는법","퇴직연금","퇴직연금 가입","퇴직연금 수령","퇴직연금 운용","퇴직연금 조회"
"퇴직연금-수령-나이.md","퇴직금 수령","퇴직연금·수령·나이","퇴직금 수령","퇴직금 수령방법","퇴직금 일시금 수령","퇴직금 인출","퇴직금 수령 나이"
"퇴직연금-수령방법.md","퇴직금 수령","퇴직연금·수령방법","퇴직금 수령","퇴직금 수령방법","퇴직금 일시금 수령","퇴직금 인출","퇴직금 수령 나이"
"퇴직연금-수령-세금.md","퇴직금 세금","퇴직연금·수령·세금","퇴직금 세금","퇴직금 세금 계산","퇴직금 세율","퇴직소득세","퇴직금 세금 환급"
"퇴직연금-수령액-계산기.md","퇴직금 계산","퇴직연금·수령액·계산기","퇴직금 계산","퇴직금 계산 방법","퇴직금 계산 기준","퇴직금 계산법","퇴직금 계산기"
"퇴직연금-수수료.md","퇴직연금","퇴직연금·수수료·받는법","퇴직연금","퇴직연금 가입","퇴직연금 수령","퇴직연금 운용","퇴직연금 조회"
"퇴직연금-수익률-비교.md","퇴직연금","퇴직연금·수익률·비교·받는법","퇴직연금","퇴직연금 가입","퇴직연금 수령","퇴직연금 운용","퇴직연금 조회"
"퇴직연금-안전자산-etf-추천.md","퇴직연금","퇴직연금·안전자산·etf·받는법","퇴직연금","퇴직연금 가입","퇴직연금 수령","퇴직연금 운용","퇴직연금 조회"
"퇴직연금-연금수령.md","퇴직금 수령","퇴직연금·연금수령","퇴직금 수령","퇴직금 수령방법","퇴직금 일시금 수령","퇴직금 인출","퇴직금 수령 나이"
"퇴직연금-운용수익.md","퇴직연금","퇴직연금·운용수익·받는법","퇴직연금","퇴직연금 가입","퇴직연금 수령","퇴직연금 운용","퇴직연금 조회"
"퇴직연금-운용지시.md","퇴직연금","퇴직연금·운용지시·받는법","퇴직연금","퇴직연금 가입","퇴직연금 수령","퇴직연금 운용","퇴직연금 조회"
"퇴직연금-의무화.md","퇴직연금","퇴직연금·의무화·받는법","퇴직연금","퇴직연금 가입","퇴직연금 수령","퇴직연금 운용","퇴직연금 조회"
"퇴직연금-인출-순서.md","퇴직연금","퇴직연금·인출·순서","퇴직연금","퇴직연금 가입","퇴직연금 수령","퇴직연금 운용","퇴직연금 조회"
"퇴직연금-일시금-수령.md","퇴직금 수령","퇴직연금·일시금·수령","퇴직금 수령","퇴직금 수령방법","퇴직금 일시금 수령","퇴직금 인출","퇴직금 수령 나이"
"퇴직연금-적립금-조회.md","퇴직연금","퇴직연금·적립금·조회·받는법","퇴직연금","퇴직연금 가입","퇴직연금 수령","퇴직연금 운용","퇴직연금 조회"
"퇴직연금-제도-전환.md","퇴직연금","퇴직연금·제도·전환·받는법","퇴직연금","퇴직연금 가입","퇴직연금 수령","퇴직연금 운용","퇴직연금 조회"
"퇴직연금-조회.md","퇴직연금","퇴직연금·조회·받는법","퇴직연금","퇴직연금 가입","퇴직연금 수령","퇴직연금 운용","퇴직연금 조회"
"퇴직연금-종류.md","퇴직연금","퇴직연금·종류·받는법","퇴직연금","퇴직연금 가입","퇴직연금 수령","퇴직연금 운용","퇴직연금 조회"
"퇴직연금-중도인출.md","퇴직금 중도인출","퇴직연금·중도인출","퇴직금 중도인출","중도인출 조건","중도인출 세금","중도인출 서류","퇴직금 중도인출 세금"
"퇴직연금-중도인출-서류.md","퇴직금 중도인출","퇴직연금·중도인출·서류","퇴직금 중도인출","중도인출 조건","중도인출 세금","중도인출 서류","퇴직금 중도인출 세금"
"퇴직연금-중도인출-세금.md","퇴직금 세금","퇴직연금·중도인출·세금","퇴직금 세금","퇴직금 세금 계산","퇴직금 세율","퇴직소득세","퇴직금 세금 환급"
"퇴직연금-중도인출-월세보증금.md","퇴직금 중도인출","퇴직연금·중도인출·월세보증금","퇴직금 중도인출","중도인출 조건","중도인출 세금","중도인출 서류","퇴직금 중도인출 세금"
"퇴직연금-중도인출-주택구입.md","퇴직금 중도인출","퇴직연금·중도인출·주택구입","퇴직금 중도인출","중도인출 조건","중도인출 세금","중도인출 서류","퇴직금 중도인출 세금"
"퇴직연금-해지.md","퇴직연금","퇴직연금·해지","퇴직연금","퇴직연금 가입","퇴직연금 수령","퇴직연금 운용","퇴직연금 조회"
"퇴직연금-해지-절차.md","퇴직연금","퇴직연금·해지·절차","퇴직연금","퇴직연금 가입","퇴직연금 수령","퇴직연금 운용","퇴직연금 조회"
"파견근로자-퇴직금-청구-대상.md","퇴직금","파견근로자·퇴직금·청구·받는법","퇴직금","퇴직금 기본","퇴직금 조건","퇴직금 신청","퇴직금 받기"
"프리랜서-퇴직금-지급기준.md","퇴직금 기준","프리랜서·퇴직금·지급기준","퇴직금 기준","퇴직금 조건","퇴직금 지급 기준","퇴직금 지급 조건","퇴직금 지급 대상"
"하나은행-퇴직금-수령방법.md","퇴직금 수령","하나은행·퇴직금·수령방법","퇴직금 수령","퇴직금 수령방법","퇴직금 일시금 수령","퇴직금 인출","퇴직금 수령 나이"
"회사-폐업-퇴직금.md","퇴직금","회사·폐업·퇴직금·받는법","퇴직금","퇴직금 기본","퇴직금 조건","퇴직금 신청","퇴직금 받기"
"희망퇴직-실업급여.md","퇴직금","희망퇴직·실업급여·받는법","퇴직금","퇴직금 기본","퇴직금 조건","퇴직금 신청","퇴직금 받기"
