#,type,title,slug,KW1,KW2,KW3,KW4,H2-1,H2-2,H2-3,H2-4,category,status,existing_file
1,Hub,육아휴직 급여 신청 조건과 지급 금액,육아휴직-급여-신청-조건-지급-금액,육아휴직 급여,육아휴직 급여 신청,육아휴직 신청 조건,육아휴직 지급 금액,육아휴직 급여가 뭔가요?,육아휴직 급여 신청은 어떻게 하나요?,육아휴직 신청 조건은 어떻게 되나요?,육아휴직 지급 금액은 얼마나 되나요?,근로/노동,수정,육아휴직-급여-신청-방법-사후-지급금.md / 육아휴직급여.md
2,Spoke,6+6 부모육아휴직제 급여 금액과 신청 대상,6+6-부모육아휴직제-급여-금액-신청,6+6 부모육아휴직제,부모육아휴직제 급여 금액,부모육아휴직제 신청 대상,부모육아휴직제 신청,6+6 부모육아휴직제가 뭔가요?,부모육아휴직제 급여 금액은 얼마인가요?,부모육아휴직제 신청 대상은 누구인가요?,부모육아휴직제 신청은 어떻게 하나요?,근로/노동,수정,2026년-육아휴직급여.md
3,Spoke,육아휴직 급여 계산 지급일 세금과 실수령액,육아휴직-급여-계산-지급일-세금-실수령액,육아휴직 급여 계산,육아휴직 급여 지급일,육아휴직 급여 세금,육아휴직 급여 실수령액,육아휴직 급여는 어떻게 계산하나요?,육아휴직 급여 지급일은 언제인가요?,육아휴직 급여 세금은 얼마나 내나요?,육아휴직 급여 실수령액은 얼마인가요?,근로/노동,신규,
4,Spoke,육아휴직 기간 연장 신청과 분할 사용 횟수,육아휴직-기간-연장-분할-사용,육아휴직 기간 연장,육아휴직 연장 신청,육아휴직 분할 사용,육아휴직 분할 사용 횟수,육아휴직 기간 연장이 가능한가요?,육아휴직 연장 신청은 어떻게 하나요?,육아휴직 분할 사용이 가능한가요?,육아휴직 분할 사용 횟수는 몇 번인가요?,근로/노동,수정,육아휴직-분할-사용-가능.md
5,Spoke,육아휴직 후 퇴사하면 실업급여 받는 방법과 금액,육아휴직-후-퇴사-실업급여-방법-금액,육아휴직 후 퇴사,육아휴직 후 실업급여,육아휴직 실업급여 받는 방법,육아휴직 실업급여 금액,육아휴직 후 퇴사하면 어떻게 되나요?,육아휴직 후 실업급여를 받을 수 있나요?,육아휴직 실업급여 받는 방법은 뭔가요?,육아휴직 실업급여 금액은 얼마인가요?,근로/노동,수정,육아휴직후-퇴사-실업급여.md / 육아휴직-후-실업급여.md
6,Spoke,아빠 육아휴직 급여 신청 대상과 기간,아빠-육아휴직-급여-신청-대상-기간,아빠 육아휴직,아빠 육아휴직 급여,아빠 육아휴직 신청 대상,아빠 육아휴직 기간,아빠 육아휴직이 뭔가요?,아빠 육아휴직 급여는 얼마인가요?,아빠 육아휴직 신청 대상은 누구인가요?,아빠 육아휴직 기간은 얼마나 되나요?,근로/노동,신규,
7,Spoke,육아휴직 복귀 후 불이익 대처 신고와 보호 규정,육아휴직-복귀-불이익-신고-보호-규정,육아휴직 복귀 후 불이익,육아휴직 불이익 대처,육아휴직 불이익 신고,육아휴직 보호 규정,육아휴직 복귀 후 불이익에는 뭐가 있나요?,육아휴직 불이익 대처는 어떻게 하나요?,육아휴직 불이익 신고는 어디에 하나요?,육아휴직 보호 규정은 어떻게 되나요?,근로/노동,수정,육아휴직-불리한-대우-금지.md / 육아휴직-불리한-대우-보호.md
8,Spoke,육아기 근로시간 단축 급여 신청과 계산 방법,육아기-근로시간-단축-급여-신청-계산,육아기 근로시간 단축,육아기 근로시간 단축 급여,육아기 근로시간 단축 신청,육아기 근로시간 단축 계산 방법,육아기 근로시간 단축이 뭔가요?,육아기 근로시간 단축 급여는 얼마인가요?,육아기 근로시간 단축 신청은 어떻게 하나요?,육아기 근로시간 단축 계산 방법은 뭔가요?,근로/노동,수정,육아기-근로시간-단축-급여-계산.md
9,Spoke,계약직 육아휴직 사용 조건 급여와 기간,계약직-육아휴직-사용-조건-급여-기간,계약직 육아휴직,계약직 육아휴직 조건,계약직 육아휴직 급여,계약직 육아휴직 기간,계약직도 육아휴직 쓸 수 있나요?,계약직 육아휴직 조건은 어떻게 되나요?,계약직 육아휴직 급여는 얼마인가요?,계약직 육아휴직 기간은 얼마나 되나요?,근로/노동,수정,육아휴직-기간제근로자-사용-가능.md
10,Spoke,육아휴직 대체인력 지원금 신청 대상과 금액,육아휴직-대체인력-지원금-신청-대상-금액,육아휴직 대체인력 지원금,대체인력 지원금 신청,대체인력 지원금 대상,대체인력 지원금 금액,육아휴직 대체인력 지원금이 뭔가요?,대체인력 지원금 신청은 어떻게 하나요?,대체인력 지원금 대상은 누구인가요?,대체인력 지원금 금액은 얼마인가요?,근로/노동,수정,2026년-육아휴직급여.md
