번호,카테고리,타이틀,슬러그,상태,파일타입
1,근로장려금,근로장려금 뜻 가구 유형 | 자녀장려금 차이점 비교,근로장려금-뜻-가구유형,리라이트,blog-tsx
2,근로장려금,근로장려금 신청 소득 조건 | 가구 유형별 산정표,근로장려금-소득-조건,신규,blog-tsx
3,근로장려금,근로장려금 재산 조건 자동차 | 공시지가 전세금 금융재산,근로장려금-재산-조건,신규,blog-tsx
4,근로장려금,근로장려금 단독가구 소득 조건 | 1인 나이 재산 산정표,근로장려금-단독가구,신규,blog-tsx
5,근로장려금,근로장려금 홑벌이 가구 금액 | 소득 구간별 지급표,근로장려금-홑벌이-금액,신규,blog-tsx
6,근로장려금,근로장려금 맞벌이 소득 구간 | 홑벌이 단독가구 금액,근로장려금-맞벌이-소득,신규,blog-tsx
7,근로장려금,근로장려금 정기신청 기간 지급일 | 5월 온라인 홈택스,근로장려금-정기신청,신규,blog-tsx
8,근로장려금,근로장려금 반기신청 기간 대상 | 상반기 하반기 지급일,근로장려금-반기신청,신규,blog-tsx
9,근로장려금,근로장려금 반기 정기 차이 | 신청 시기 지급일 비교,근로장려금-반기-정기-차이,신규,blog-tsx
10,근로장려금,근로장려금 기한후 신청 감액 | 놓쳤을 때 지급일 추가,근로장려금-기한후-신청,신규,blog-tsx
11,근로장려금,근로장려금 대상자 조회 방법 | 홈택스 손택스 ARS,근로장려금-대상자-조회,신규,blog-tsx
12,근로장려금,근로장려금 홈택스 온라인 신청 | 모바일 손택스 로그인,근로장려금-홈택스-신청,신규,blog-tsx
13,근로장려금,근로장려금 전화 ARS 신청 | 개별인증번호 등기우편 확인,근로장려금-전화-ARS,신규,blog-tsx
14,근로장려금,근로장려금 자동신청 대상 취소 | 기간 확인 손택스,근로장려금-자동신청,신규,blog-tsx
15,근로장려금,근로장려금 정기 지급일 일정 | 조기지급 신청 조건,근로장려금-정기-지급일,신규,blog-tsx
16,근로장려금,근로장려금 반기 지급일 일정 | 상반기 하반기 입금 날짜,근로장려금-반기-지급일,신규,blog-tsx
17,근로장려금,근로장려금 결정통지서 홈택스 발급 | 지급액 산정 내역 열람,근로장려금-결정통지서,신규,blog-tsx
18,근로장려금,근로장려금 알바 일용직 신고 | 소득 입력 감액 여부,근로장려금-알바-일용직,신규,blog-tsx
19,근로장려금,근로장려금 프리랜서 사업자 소득 | 3.3% 매출 신고,근로장려금-프리랜서-소득,신규,blog-tsx
20,근로장려금,근로장려금 대학생 알바 수령 | 청년 나이 단독가구,근로장려금-대학생-알바,신규,blog-tsx
21,근로장려금,근로장려금 공무원 육아휴직 소득 | 무직 무소득 수령,근로장려금-공무원-육아휴직,신규,blog-tsx
22,근로장려금,근로장려금 투잡 퇴사 소득 | 겸업 변경 신청 처리,근로장려금-투잡-퇴사,신규,blog-tsx
23,근로장려금,근로장려금 동거인 가구원 포함 | 부모님 집 형제 판단,근로장려금-동거인-가구원,신규,blog-tsx
24,근로장려금,근로장려금 압류방지 통장 개설 | 압류 해지 수령 방법,근로장려금-압류방지-통장,신규,blog-tsx
25,근로장려금,근로장려금 계좌변경 입금 확인 | 날짜 시간 지연 이유,근로장려금-계좌변경-입금,신규,blog-tsx
26,근로장려금,근로장려금 환수 미환수액 납부 | 체납세액 차감 조회,근로장려금-환수-납부,신규,blog-tsx
27,근로장려금,근로장려금 이의신청 탈락 사유 | 감액 불복 처리,근로장려금-이의신청,신규,blog-tsx
28,근로장려금,근로장려금 적금 은행별 금리 | 농협 국민은행 비과세,근로장려금-적금-금리,신규,blog-tsx
29,근로장려금,근로장려금 모의계산 예상 금액 | 소득 입력 조회,근로장려금-모의계산,신규,blog-tsx
30,근로장려금,근로장려금 현금수령 우체국 방법 | 미수령 미신청 구제,근로장려금-현금수령,신규,blog-tsx
31,근로장려금,근로장려금 보이스피싱 알리미 문자 | 카카오톡 피싱 구별,근로장려금-보이스피싱,신규,blog-tsx
32,근로장려금,근로장려금 대리신청 서류 위임 | 고령자 세무서 접수,근로장려금-대리신청,신규,blog-tsx
33,근로장려금,근로장려금 미지급 소급 신청 | 지급 누락 조회 처리,근로장려금-미지급-소급,신규,blog-tsx
34,근로장려금,자녀장려금 근로장려금 중복 수령 | 가구 유형별 지급 차이,자녀장려금-근로장려금-신청,리라이트,blog-tsx
35,근로장려금,연말정산 근로장려금 소득 반영 | 세액공제 중복 관계,연말정산-근로장려금,리라이트,blog-tsx
36,근로장려금,근로장려금 총급여액 계산 방법 | 소득 종류 근로소득 확인,근로장려금-총급여액-계산,신규,blog-tsx
37,근로장려금,근로장려금 실업급여 중복 수령 | 무직 기간 소득 인정,근로장려금-실업급여-중복,신규,blog-tsx
38,근로장려금,근로장려금 제외 대상 탈락 | 못받는 이유 소득 재산,근로장려금-제외-대상,신규,blog-tsx
39,근로장려금,근로장려금 가족 중복 수령 | 부부 남매 동시 신청,근로장려금-가족-중복,신규,blog-tsx
40,근로장려금,근로장려금 재산 감액 50% 기준 | 지급 삭감 환수 이유,근로장려금-재산-감액,신규,blog-tsx
41,근로장려금,근로장려금 신청 조회 | 지급일 금액 대상,근로장려금,리라이트,blog-tsx
