번호,카테고리,타이틀,슬러그,키워드1,키워드2,키워드3,키워드4,description,H2-1,H2-2,H2-3,H2-4,상태,파일타입
112,퇴직금,대지급금 불복 구제 절차 방법 | 이의신청 심사청구 90일 기한,대지급금-불복-구제-절차-공인노무사-비용,대지급금 불복,구제 절차,이의신청 심사청구,90일 기한,"대지급금 불인정되면 90일 안에 이의신청할 수 있다는 거 아시나요? 불복 구제 절차부터 공인노무사 비용 지원까지 알려드려요.",대지급금 불복 절차는 어떻게 되나요?,대지급금 이의신청 90일 기한은 언제부터인가요?,대지급금 구제 절차에서 공인노무사 비용은 얼마나 지원되나요?,대지급금 심사청구 기각되면 어떻게 하나요?,리라이트,wiki-md
113,퇴직금,대지급금 임금채권 우선변제 차이 | 대위권 변제 순위 구조,대지급금-임금채권-우선변제-차이,대지급금 우선변제,임금채권 차이,대위권,변제 순위,"대지급금이 임금채권 우선변제권을 대위한다는 거 아시나요? 국가가 먼저 지급하고 회수하는 구조를 알려드려요.",대지급금과 우선변제권 차이가 뭐예요?,대지급금 대위권은 어떻게 작동하나요?,임금채권 변제 순위는 어떻게 되나요?,최우선변제 임금채권은 뭐예요?,리라이트,wiki-md
114,퇴직금,대지급금 일부 지급 거부 사유 | 부정수급 제재 특수상황 처리,대지급금-특수-상황-일부지급-최저임금,대지급금 일부지급,지급 거부 사유,부정수급 제재,특수상황,"대지급금 일부만 받거나 거부당할 수 있다는 거 고민이시죠? 부정수급 제재부터 특수상황 처리 기준까지 알려드려요.",대지급금 일부 지급되는 경우가 있나요?,대지급금 지급 거부 사유는 뭐예요?,대지급금 부정수급 제재는 어떻게 되나요?,대지급금 특수상황에서 신청은 어떻게 하나요?,리라이트,wiki-md
115,퇴직금,도산대지급금 상한액 지급액 계산 | 최대 2100만원 한도 기준,도산대지급금-상한액-지급액-계산,도산대지급금 상한액,2100만원 한도,지급액 계산,퇴직금 임금,"도산대지급금 상한액이 최대 2100만원이라는 사실 알고 계셨나요? 간이대지급금 1000만원과 차이까지 알려드려요.",도산대지급금 상한액은 얼마예요?,도산대지급금 2100만원 한도는 어떻게 계산하나요?,도산대지급금과 간이대지급금 차이가 뭐예요?,도산대지급금 퇴직금과 임금 합산은 어떻게 되나요?,리라이트,wiki-md
116,퇴직금,도산대지급금 신청 방법 절차 | 2년 기한 필요 서류,도산대지급금-신청-방법-절차,도산대지급금 신청,신청 방법,2년 기한,필요 서류,"도산대지급금은 2년 안에 신청해야 한다는 거 아시나요? 근로복지공단 신청 방법부터 필요 서류까지 알려드려요.",도산대지급금 신청 기한은 언제까지예요?,도산대지급금 2년 기한은 어디서부터 계산하나요?,도산대지급금 신청 절차는 어떻게 되나요?,도산대지급금 필요한 서류는 뭐가 있나요?,리라이트,wiki-md
117,퇴직금,도산등사실인정 사업 폐지 조건 | 영업양도 사실상 도산 차이,도산등사실인정-사업-폐지-영업양도,도산등사실인정,사업 폐지,영업양도 차이,사실상 도산,"사업 폐지와 영업양도 시 도산등사실인정 받을 수 있는지 고민이시죠? 사실상 도산 인정 기준과 차이점을 알려드려요.",도산등사실인정은 뭐예요?,사업 폐지 시 도산등사실인정 받을 수 있나요?,영업양도와 사업 폐지 차이가 뭐예요?,사실상 도산 기준은 어떻게 되나요?,리라이트,wiki-md
118,퇴직금,도산등사실인정 사업주 요건 | 회사 규모 6개월 사업 기준,도산등사실인정-사업주-요건-회사-규모,도산등사실인정 요건,사업주 요건,회사 규모,6개월 기준,"도산등사실인정 받으려면 사업주가 6개월 이상 사업했어야 한다는 사실 알고 계셨나요? 회사 규모별 요건을 알려드려요.",도산등사실인정 사업주 요건은 뭐예요?,도산등사실인정 6개월 기준은 어떻게 계산하나요?,도산등사실인정 회사 규모는 상관있나요?,도산등사실인정 산재보험 적용 사업장이어야 하나요?,리라이트,wiki-md
119,퇴직금,도산등사실인정 신청 방법 서류 | 고용노동부 신청 절차,도산등사실인정-신청-방법-서류,도산등사실인정 신청,신청 방법,필요 서류,고용노동부,"도산등사실인정 신청은 고용노동부에서 한다는 거 아시나요? 신청 방법부터 필요 서류까지 절차를 알려드려요.",도산등사실인정 신청은 어디에 하나요?,도산등사실인정 신청 방법은 어떻게 되나요?,도산등사실인정 필요한 서류는 뭐가 있나요?,도산등사실인정 인정 심사 기간은 얼마나 걸리나요?,리라이트,wiki-md
120,퇴직금,재판상 도산 파산 회생절차 비교 | 대지급금 신청 방법 차이,재판상-도산-파산-회생절차-대지급금,재판상 도산,파산 회생절차,대지급금 차이,신청 방법,"재판상 도산과 사실상 도산 중 어떤 절차로 대지급금 받는지 고민이시죠? 파산과 회생절차 차이까지 비교해 알려드려요.",재판상 도산은 뭐예요?,파산과 회생절차 차이가 뭐예요?,재판상 도산 대지급금은 어느 절차에서 받나요?,재판상 도산과 사실상 도산 차이가 뭐예요?,리라이트,wiki-md
121,실업급여,2026년 실업급여 상한액 하한액 변경 | 일 68100원 월 수령액 기준,2026년-실업급여,2026년 실업급여,상한액 하한액,일 68100원,월 수령액,"2026년 실업급여 상한액이 일 68100원으로 변경됐다는 사실 알고 계셨나요? 하한액 계산 방법까지 알려드려요.",2026년 실업급여 상한액은 얼마예요?,2026년 실업급여 하한액은 어떻게 계산하나요?,2026년 실업급여 일 68100원은 언제 적용되나요?,2026년 실업급여 월 수령액은 어떻게 계산하나요?,리라이트,wiki-md
